fname,frame_index,liveness_score,frame_count,fold
1.mp4,60,0,126,3.0
1.mp4,87,0,126,3.0
1.mp4,55,0,126,3.0
2.mp4,96,1,121,4.0
2.mp4,109,1,121,4.0
2.mp4,23,1,121,4.0
3.mp4,114,1,162,3.0
3.mp4,78,1,162,3.0
3.mp4,54,1,162,3.0
5.mp4,39,0,160,0.0
5.mp4,58,0,160,0.0
5.mp4,28,0,160,0.0
7.mp4,3,1,145,1.0
7.mp4,81,1,145,1.0
7.mp4,41,1,145,1.0
8.mp4,136,1,152,2.0
8.mp4,53,1,152,2.0
8.mp4,26,1,152,2.0
10.mp4,113,0,160,2.0
10.mp4,59,0,160,2.0
10.mp4,9,0,160,2.0
11.mp4,24,1,160,4.0
11.mp4,117,1,160,4.0
11.mp4,25,1,160,4.0
12.mp4,89,0,151,0.0
12.mp4,20,0,151,0.0
12.mp4,78,0,151,0.0
13.mp4,138,1,150,0.0
13.mp4,112,1,150,0.0
13.mp4,46,1,150,0.0
14.mp4,152,0,160,3.0
14.mp4,101,0,160,3.0
14.mp4,134,0,160,3.0
18.mp4,59,1,150,4.0
18.mp4,115,1,150,4.0
18.mp4,6,1,150,4.0
19.mp4,91,0,160,3.0
19.mp4,4,0,160,3.0
19.mp4,89,0,160,3.0
20.mp4,60,1,150,4.0
20.mp4,96,1,150,4.0
20.mp4,36,1,150,4.0
22.mp4,58,1,152,4.0
22.mp4,44,1,152,4.0
22.mp4,136,1,152,4.0
24.mp4,44,1,152,4.0
24.mp4,18,1,152,4.0
24.mp4,131,1,152,4.0
25.mp4,52,0,150,3.0
25.mp4,64,0,150,3.0
25.mp4,25,0,150,3.0
26.mp4,4,0,160,0.0
26.mp4,119,0,160,0.0
26.mp4,19,0,160,0.0
28.mp4,102,0,160,3.0
28.mp4,7,0,160,3.0
28.mp4,47,0,160,3.0
29.mp4,73,0,150,4.0
29.mp4,116,0,150,4.0
29.mp4,32,0,150,4.0
30.mp4,78,0,160,3.0
30.mp4,55,0,160,3.0
30.mp4,101,0,160,3.0
31.mp4,88,1,132,2.0
31.mp4,84,1,132,2.0
31.mp4,6,1,132,2.0
33.mp4,24,0,126,1.0
33.mp4,75,0,126,1.0
33.mp4,43,0,126,1.0
35.mp4,27,1,152,4.0
35.mp4,16,1,152,4.0
35.mp4,119,1,152,4.0
36.mp4,6,0,151,0.0
36.mp4,96,0,151,0.0
36.mp4,123,0,151,0.0
37.mp4,130,1,152,4.0
37.mp4,62,1,152,4.0
37.mp4,57,1,152,4.0
39.mp4,103,1,152,2.0
39.mp4,5,1,152,2.0
39.mp4,18,1,152,2.0
40.mp4,83,1,145,0.0
40.mp4,6,1,145,0.0
40.mp4,99,1,145,0.0
41.mp4,121,0,160,0.0
41.mp4,93,0,160,0.0
41.mp4,19,0,160,0.0
42.mp4,50,1,86,2.0
42.mp4,53,1,86,2.0
42.mp4,83,1,86,2.0
44.mp4,156,0,160,0.0
44.mp4,28,0,160,0.0
44.mp4,36,0,160,0.0
48.mp4,88,0,126,2.0
48.mp4,102,0,126,2.0
48.mp4,104,0,126,2.0
52.mp4,77,0,160,1.0
52.mp4,14,0,160,1.0
52.mp4,24,0,160,1.0
53.mp4,54,1,152,3.0
53.mp4,123,1,152,3.0
53.mp4,82,1,152,3.0
54.mp4,142,0,160,2.0
54.mp4,138,0,160,2.0
54.mp4,74,0,160,2.0
55.mp4,133,1,152,0.0
55.mp4,28,1,152,0.0
55.mp4,148,1,152,0.0
56.mp4,93,0,150,3.0
56.mp4,105,0,150,3.0
56.mp4,8,0,150,3.0
58.mp4,26,0,160,4.0
58.mp4,66,0,160,4.0
58.mp4,5,0,160,4.0
61.mp4,70,1,150,0.0
61.mp4,48,1,150,0.0
61.mp4,45,1,150,0.0
63.mp4,140,0,160,4.0
63.mp4,66,0,160,4.0
63.mp4,2,0,160,4.0
66.mp4,67,1,145,0.0
66.mp4,104,1,145,0.0
66.mp4,105,1,145,0.0
67.mp4,129,0,160,0.0
67.mp4,36,0,160,0.0
67.mp4,126,0,160,0.0
68.mp4,121,0,160,3.0
68.mp4,40,0,160,3.0
68.mp4,142,0,160,3.0
69.mp4,133,0,150,0.0
69.mp4,146,0,150,0.0
69.mp4,62,0,150,0.0
71.mp4,84,0,148,2.0
71.mp4,134,0,148,2.0
71.mp4,69,0,148,2.0
72.mp4,41,1,160,2.0
72.mp4,11,1,160,2.0
72.mp4,8,1,160,2.0
73.mp4,69,0,151,3.0
73.mp4,99,0,151,3.0
73.mp4,77,0,151,3.0
75.mp4,16,1,152,1.0
75.mp4,120,1,152,1.0
75.mp4,107,1,152,1.0
76.mp4,86,0,150,0.0
76.mp4,144,0,150,0.0
76.mp4,1,0,150,0.0
78.mp4,46,0,150,1.0
78.mp4,57,0,150,1.0
78.mp4,50,0,150,1.0
79.mp4,108,0,160,0.0
79.mp4,9,0,160,0.0
79.mp4,28,0,160,0.0
80.mp4,41,0,160,2.0
80.mp4,36,0,160,2.0
80.mp4,55,0,160,2.0
81.mp4,65,1,162,4.0
81.mp4,77,1,162,4.0
81.mp4,123,1,162,4.0
82.mp4,86,0,126,4.0
82.mp4,80,0,126,4.0
82.mp4,97,0,126,4.0
83.mp4,30,1,145,2.0
83.mp4,108,1,145,2.0
83.mp4,116,1,145,2.0
84.mp4,14,1,16,0.0
84.mp4,8,1,16,0.0
84.mp4,9,1,16,0.0
85.mp4,151,1,152,1.0
85.mp4,13,1,152,1.0
85.mp4,107,1,152,1.0
86.mp4,125,0,160,1.0
86.mp4,79,0,160,1.0
86.mp4,10,0,160,1.0
87.mp4,28,1,72,0.0
87.mp4,39,1,72,0.0
87.mp4,10,1,72,0.0
89.mp4,12,0,150,4.0
89.mp4,29,0,150,4.0
89.mp4,143,0,150,4.0
90.mp4,149,1,152,4.0
90.mp4,33,1,152,4.0
90.mp4,97,1,152,4.0
91.mp4,109,1,152,4.0
91.mp4,114,1,152,4.0
91.mp4,142,1,152,4.0
92.mp4,18,0,150,1.0
92.mp4,77,0,150,1.0
92.mp4,15,0,150,1.0
93.mp4,135,0,160,0.0
93.mp4,133,0,160,0.0
93.mp4,71,0,160,0.0
94.mp4,12,1,160,1.0
94.mp4,63,1,160,1.0
94.mp4,24,1,160,1.0
96.mp4,128,1,150,3.0
96.mp4,85,1,150,3.0
96.mp4,60,1,150,3.0
97.mp4,120,0,160,0.0
97.mp4,35,0,160,0.0
97.mp4,65,0,160,0.0
98.mp4,132,0,150,3.0
98.mp4,41,0,150,3.0
98.mp4,60,0,150,3.0
99.mp4,123,1,152,3.0
99.mp4,11,1,152,3.0
99.mp4,3,1,152,3.0
101.mp4,136,1,162,2.0
101.mp4,34,1,162,2.0
101.mp4,97,1,162,2.0
105.mp4,59,0,160,4.0
105.mp4,34,0,160,4.0
105.mp4,37,0,160,4.0
106.mp4,90,0,150,3.0
106.mp4,27,0,150,3.0
106.mp4,135,0,150,3.0
108.mp4,48,0,150,4.0
108.mp4,19,0,150,4.0
108.mp4,28,0,150,4.0
109.mp4,82,0,160,4.0
109.mp4,24,0,160,4.0
109.mp4,68,0,160,4.0
110.mp4,101,1,152,3.0
110.mp4,62,1,152,3.0
110.mp4,135,1,152,3.0
111.mp4,81,0,150,0.0
111.mp4,66,0,150,0.0
111.mp4,90,0,150,0.0
112.mp4,143,0,160,1.0
112.mp4,43,0,160,1.0
112.mp4,90,0,160,1.0
113.mp4,139,1,152,1.0
113.mp4,117,1,152,1.0
113.mp4,0,1,152,1.0
114.mp4,52,1,152,4.0
114.mp4,56,1,152,4.0
114.mp4,84,1,152,4.0
115.mp4,64,0,148,4.0
115.mp4,1,0,148,4.0
115.mp4,128,0,148,4.0
116.mp4,19,1,152,4.0
116.mp4,0,1,152,4.0
116.mp4,148,1,152,4.0
117.mp4,96,0,150,4.0
117.mp4,145,0,150,4.0
117.mp4,69,0,150,4.0
120.mp4,66,1,145,1.0
120.mp4,73,1,145,1.0
120.mp4,107,1,145,1.0
122.mp4,63,1,152,0.0
122.mp4,27,1,152,0.0
122.mp4,36,1,152,0.0
124.mp4,115,0,160,1.0
124.mp4,15,0,160,1.0
124.mp4,131,0,160,1.0
125.mp4,4,1,152,3.0
125.mp4,76,1,152,3.0
125.mp4,28,1,152,3.0
126.mp4,101,0,150,2.0
126.mp4,27,0,150,2.0
126.mp4,121,0,150,2.0
128.mp4,126,1,152,1.0
128.mp4,48,1,152,1.0
128.mp4,91,1,152,1.0
129.mp4,128,1,162,0.0
129.mp4,3,1,162,0.0
129.mp4,11,1,162,0.0
130.mp4,69,1,145,3.0
130.mp4,65,1,145,3.0
130.mp4,16,1,145,3.0
131.mp4,18,0,150,0.0
131.mp4,147,0,150,0.0
131.mp4,115,0,150,0.0
133.mp4,76,0,148,0.0
133.mp4,46,0,148,0.0
133.mp4,117,0,148,0.0
134.mp4,141,0,150,3.0
134.mp4,51,0,150,3.0
134.mp4,34,0,150,3.0
136.mp4,116,1,145,2.0
136.mp4,88,1,145,2.0
136.mp4,16,1,145,2.0
137.mp4,91,0,160,2.0
137.mp4,146,0,160,2.0
137.mp4,31,0,160,2.0
138.mp4,45,1,152,3.0
138.mp4,88,1,152,3.0
138.mp4,15,1,152,3.0
141.mp4,14,0,150,2.0
141.mp4,88,0,150,2.0
141.mp4,141,0,150,2.0
142.mp4,8,0,160,3.0
142.mp4,143,0,160,3.0
142.mp4,120,0,160,3.0
143.mp4,74,1,152,0.0
143.mp4,63,1,152,0.0
143.mp4,119,1,152,0.0
144.mp4,43,1,152,2.0
144.mp4,51,1,152,2.0
144.mp4,136,1,152,2.0
145.mp4,62,1,152,3.0
145.mp4,82,1,152,3.0
145.mp4,41,1,152,3.0
146.mp4,133,1,162,0.0
146.mp4,109,1,162,0.0
146.mp4,24,1,162,0.0
147.mp4,17,1,152,1.0
147.mp4,75,1,152,1.0
147.mp4,73,1,152,1.0
150.mp4,80,1,150,1.0
150.mp4,78,1,150,1.0
150.mp4,148,1,150,1.0
151.mp4,37,0,160,1.0
151.mp4,100,0,160,1.0
151.mp4,118,0,160,1.0
152.mp4,2,1,150,4.0
152.mp4,136,1,150,4.0
152.mp4,57,1,150,4.0
154.mp4,44,1,162,3.0
154.mp4,15,1,162,3.0
154.mp4,103,1,162,3.0
155.mp4,121,1,161,4.0
155.mp4,154,1,161,4.0
155.mp4,13,1,161,4.0
157.mp4,14,1,152,1.0
157.mp4,44,1,152,1.0
157.mp4,21,1,152,1.0
164.mp4,16,0,160,1.0
164.mp4,56,0,160,1.0
164.mp4,87,0,160,1.0
165.mp4,81,0,126,4.0
165.mp4,8,0,126,4.0
165.mp4,55,0,126,4.0
166.mp4,27,0,150,0.0
166.mp4,9,0,150,0.0
166.mp4,35,0,150,0.0
167.mp4,70,1,150,3.0
167.mp4,59,1,150,3.0
167.mp4,132,1,150,3.0
168.mp4,57,0,126,4.0
168.mp4,119,0,126,4.0
168.mp4,4,0,126,4.0
171.mp4,89,1,150,0.0
171.mp4,110,1,150,0.0
171.mp4,108,1,150,0.0
172.mp4,116,0,160,0.0
172.mp4,119,0,160,0.0
172.mp4,15,0,160,0.0
173.mp4,25,1,121,0.0
173.mp4,76,1,121,0.0
173.mp4,15,1,121,0.0
175.mp4,124,0,160,2.0
175.mp4,155,0,160,2.0
175.mp4,135,0,160,2.0
177.mp4,81,0,150,1.0
177.mp4,33,0,150,1.0
177.mp4,143,0,150,1.0
179.mp4,55,0,120,0.0
179.mp4,61,0,120,0.0
179.mp4,21,0,120,0.0
180.mp4,55,0,160,0.0
180.mp4,68,0,160,0.0
180.mp4,104,0,160,0.0
182.mp4,158,0,160,2.0
182.mp4,75,0,160,2.0
182.mp4,106,0,160,2.0
185.mp4,139,1,152,4.0
185.mp4,133,1,152,4.0
185.mp4,46,1,152,4.0
189.mp4,17,0,150,4.0
189.mp4,114,0,150,4.0
189.mp4,132,0,150,4.0
191.mp4,89,1,125,4.0
191.mp4,9,1,125,4.0
191.mp4,64,1,125,4.0
192.mp4,76,1,86,0.0
192.mp4,70,1,86,0.0
192.mp4,30,1,86,0.0
193.mp4,73,1,114,2.0
193.mp4,30,1,114,2.0
193.mp4,68,1,114,2.0
194.mp4,67,0,148,2.0
194.mp4,0,0,148,2.0
194.mp4,7,0,148,2.0
195.mp4,150,1,152,2.0
195.mp4,16,1,152,2.0
195.mp4,24,1,152,2.0
197.mp4,99,1,161,4.0
197.mp4,133,1,161,4.0
197.mp4,127,1,161,4.0
198.mp4,137,0,160,3.0
198.mp4,17,0,160,3.0
198.mp4,16,0,160,3.0
199.mp4,23,1,162,2.0
199.mp4,63,1,162,2.0
199.mp4,83,1,162,2.0
203.mp4,133,1,152,2.0
203.mp4,144,1,152,2.0
203.mp4,93,1,152,2.0
204.mp4,33,1,138,3.0
204.mp4,13,1,138,3.0
204.mp4,17,1,138,3.0
205.mp4,16,1,160,0.0
205.mp4,76,1,160,0.0
205.mp4,147,1,160,0.0
207.mp4,147,1,152,1.0
207.mp4,6,1,152,1.0
207.mp4,146,1,152,1.0
209.mp4,66,0,150,1.0
209.mp4,2,0,150,1.0
209.mp4,103,0,150,1.0
210.mp4,53,1,151,2.0
210.mp4,35,1,151,2.0
210.mp4,49,1,151,2.0
211.mp4,65,0,128,4.0
211.mp4,121,0,128,4.0
211.mp4,0,0,128,4.0
213.mp4,42,1,162,4.0
213.mp4,50,1,162,4.0
213.mp4,126,1,162,4.0
217.mp4,109,0,160,0.0
217.mp4,112,0,160,0.0
217.mp4,56,0,160,0.0
218.mp4,17,1,150,2.0
218.mp4,61,1,150,2.0
218.mp4,1,1,150,2.0
219.mp4,83,1,150,0.0
219.mp4,71,1,150,0.0
219.mp4,16,1,150,0.0
222.mp4,1,1,145,1.0
222.mp4,113,1,145,1.0
222.mp4,92,1,145,1.0
225.mp4,63,1,152,2.0
225.mp4,112,1,152,2.0
225.mp4,100,1,152,2.0
227.mp4,34,1,152,3.0
227.mp4,97,1,152,3.0
227.mp4,58,1,152,3.0
229.mp4,107,0,151,1.0
229.mp4,60,0,151,1.0
229.mp4,52,0,151,1.0
231.mp4,79,1,150,2.0
231.mp4,44,1,150,2.0
231.mp4,36,1,150,2.0
236.mp4,69,1,152,0.0
236.mp4,117,1,152,0.0
236.mp4,10,1,152,0.0
238.mp4,7,1,152,0.0
238.mp4,95,1,152,0.0
238.mp4,66,1,152,0.0
240.mp4,127,1,143,1.0
240.mp4,21,1,143,1.0
240.mp4,119,1,143,1.0
241.mp4,105,0,150,2.0
241.mp4,132,0,150,2.0
241.mp4,102,0,150,2.0
242.mp4,45,1,152,1.0
242.mp4,7,1,152,1.0
242.mp4,92,1,152,1.0
243.mp4,111,0,160,1.0
243.mp4,151,0,160,1.0
243.mp4,159,0,160,1.0
244.mp4,92,1,152,4.0
244.mp4,32,1,152,4.0
244.mp4,70,1,152,4.0
246.mp4,109,0,150,3.0
246.mp4,97,0,150,3.0
246.mp4,71,0,150,3.0
247.mp4,13,1,152,2.0
247.mp4,85,1,152,2.0
247.mp4,61,1,152,2.0
248.mp4,97,1,110,4.0
248.mp4,23,1,110,4.0
248.mp4,78,1,110,4.0
249.mp4,40,0,150,4.0
249.mp4,92,0,150,4.0
249.mp4,61,0,150,4.0
251.mp4,9,0,150,1.0
251.mp4,29,0,150,1.0
251.mp4,38,0,150,1.0
252.mp4,33,1,152,2.0
252.mp4,149,1,152,2.0
252.mp4,34,1,152,2.0
253.mp4,3,0,149,2.0
253.mp4,137,0,149,2.0
253.mp4,24,0,149,2.0
254.mp4,44,0,150,2.0
254.mp4,104,0,150,2.0
254.mp4,1,0,150,2.0
255.mp4,86,0,151,1.0
255.mp4,41,0,151,1.0
255.mp4,26,0,151,1.0
256.mp4,87,1,152,3.0
256.mp4,49,1,152,3.0
256.mp4,88,1,152,3.0
257.mp4,11,1,152,4.0
257.mp4,52,1,152,4.0
257.mp4,102,1,152,4.0
258.mp4,14,0,149,2.0
258.mp4,111,0,149,2.0
258.mp4,88,0,149,2.0
259.mp4,103,0,150,0.0
259.mp4,135,0,150,0.0
259.mp4,45,0,150,0.0
260.mp4,36,1,152,2.0
260.mp4,68,1,152,2.0
260.mp4,49,1,152,2.0
261.mp4,103,1,162,3.0
261.mp4,27,1,162,3.0
261.mp4,105,1,162,3.0
262.mp4,20,0,149,2.0
262.mp4,57,0,149,2.0
262.mp4,35,0,149,2.0
264.mp4,131,1,151,0.0
264.mp4,112,1,151,0.0
264.mp4,77,1,151,0.0
265.mp4,116,0,150,1.0
265.mp4,136,0,150,1.0
265.mp4,36,0,150,1.0
267.mp4,18,0,160,0.0
267.mp4,6,0,160,0.0
267.mp4,37,0,160,0.0
268.mp4,124,0,149,3.0
268.mp4,6,0,149,3.0
268.mp4,71,0,149,3.0
269.mp4,146,0,160,1.0
269.mp4,34,0,160,1.0
269.mp4,42,0,160,1.0
270.mp4,132,0,150,1.0
270.mp4,22,0,150,1.0
270.mp4,38,0,150,1.0
272.mp4,122,1,152,4.0
272.mp4,151,1,152,4.0
272.mp4,81,1,152,4.0
274.mp4,72,1,150,1.0
274.mp4,22,1,150,1.0
274.mp4,41,1,150,1.0
275.mp4,57,1,152,3.0
275.mp4,120,1,152,3.0
275.mp4,86,1,152,3.0
279.mp4,38,0,160,3.0
279.mp4,65,0,160,3.0
279.mp4,82,0,160,3.0
281.mp4,9,0,150,3.0
281.mp4,64,0,150,3.0
281.mp4,114,0,150,3.0
284.mp4,76,1,152,1.0
284.mp4,20,1,152,1.0
284.mp4,43,1,152,1.0
285.mp4,9,0,160,3.0
285.mp4,125,0,160,3.0
285.mp4,109,0,160,3.0
287.mp4,59,1,160,0.0
287.mp4,17,1,160,0.0
287.mp4,1,1,160,0.0
288.mp4,54,0,160,1.0
288.mp4,82,0,160,1.0
288.mp4,18,0,160,1.0
290.mp4,53,1,152,0.0
290.mp4,47,1,152,0.0
290.mp4,103,1,152,0.0
292.mp4,116,1,152,0.0
292.mp4,33,1,152,0.0
292.mp4,10,1,152,0.0
295.mp4,46,0,150,3.0
295.mp4,137,0,150,3.0
295.mp4,49,0,150,3.0
296.mp4,97,1,147,3.0
296.mp4,63,1,147,3.0
296.mp4,137,1,147,3.0
298.mp4,126,1,152,0.0
298.mp4,138,1,152,0.0
298.mp4,111,1,152,0.0
299.mp4,23,1,150,3.0
299.mp4,46,1,150,3.0
299.mp4,139,1,150,3.0
304.mp4,0,0,150,3.0
304.mp4,110,0,150,3.0
304.mp4,103,0,150,3.0
306.mp4,89,0,150,4.0
306.mp4,7,0,150,4.0
306.mp4,30,0,150,4.0
307.mp4,135,1,145,3.0
307.mp4,92,1,145,3.0
307.mp4,36,1,145,3.0
308.mp4,13,0,160,4.0
308.mp4,41,0,160,4.0
308.mp4,152,0,160,4.0
309.mp4,74,1,152,1.0
309.mp4,135,1,152,1.0
309.mp4,136,1,152,1.0
310.mp4,35,0,150,4.0
310.mp4,29,0,150,4.0
310.mp4,28,0,150,4.0
312.mp4,42,0,160,2.0
312.mp4,50,0,160,2.0
312.mp4,4,0,160,2.0
313.mp4,92,0,105,4.0
313.mp4,1,0,105,4.0
313.mp4,87,0,105,4.0
314.mp4,8,0,160,2.0
314.mp4,3,0,160,2.0
314.mp4,14,0,160,2.0
316.mp4,111,1,145,2.0
316.mp4,96,1,145,2.0
316.mp4,66,1,145,2.0
317.mp4,109,0,160,1.0
317.mp4,24,0,160,1.0
317.mp4,61,0,160,1.0
322.mp4,142,0,150,3.0
322.mp4,59,0,150,3.0
322.mp4,85,0,150,3.0
326.mp4,138,1,145,2.0
326.mp4,131,1,145,2.0
326.mp4,17,1,145,2.0
327.mp4,107,1,152,0.0
327.mp4,86,1,152,0.0
327.mp4,138,1,152,0.0
328.mp4,57,0,160,0.0
328.mp4,141,0,160,0.0
328.mp4,44,0,160,0.0
329.mp4,126,1,152,2.0
329.mp4,27,1,152,2.0
329.mp4,10,1,152,2.0
332.mp4,48,1,152,0.0
332.mp4,4,1,152,0.0
332.mp4,22,1,152,0.0
333.mp4,123,0,150,1.0
333.mp4,5,0,150,1.0
333.mp4,146,0,150,1.0
334.mp4,147,0,149,1.0
334.mp4,2,0,149,1.0
334.mp4,53,0,149,1.0
336.mp4,64,1,125,3.0
336.mp4,101,1,125,3.0
336.mp4,124,1,125,3.0
337.mp4,1,0,160,2.0
337.mp4,137,0,160,2.0
337.mp4,128,0,160,2.0
339.mp4,83,1,151,4.0
339.mp4,27,1,151,4.0
339.mp4,64,1,151,4.0
340.mp4,6,1,152,3.0
340.mp4,120,1,152,3.0
340.mp4,89,1,152,3.0
341.mp4,131,1,160,1.0
341.mp4,85,1,160,1.0
341.mp4,95,1,160,1.0
343.mp4,47,1,152,3.0
343.mp4,75,1,152,3.0
343.mp4,138,1,152,3.0
344.mp4,5,0,150,1.0
344.mp4,75,0,150,1.0
344.mp4,72,0,150,1.0
345.mp4,116,0,160,3.0
345.mp4,92,0,160,3.0
345.mp4,27,0,160,3.0
346.mp4,101,0,160,4.0
346.mp4,71,0,160,4.0
346.mp4,3,0,160,4.0
349.mp4,84,1,145,0.0
349.mp4,99,1,145,0.0
349.mp4,14,1,145,0.0
350.mp4,20,1,152,0.0
350.mp4,89,1,152,0.0
350.mp4,112,1,152,0.0
351.mp4,158,0,160,0.0
351.mp4,23,0,160,0.0
351.mp4,114,0,160,0.0
353.mp4,105,1,152,1.0
353.mp4,20,1,152,1.0
353.mp4,62,1,152,1.0
354.mp4,82,1,147,1.0
354.mp4,32,1,147,1.0
354.mp4,89,1,147,1.0
356.mp4,115,1,152,0.0
356.mp4,122,1,152,0.0
356.mp4,131,1,152,0.0
359.mp4,87,1,150,2.0
359.mp4,2,1,150,2.0
359.mp4,6,1,150,2.0
361.mp4,131,1,162,2.0
361.mp4,38,1,162,2.0
361.mp4,123,1,162,2.0
363.mp4,86,0,151,0.0
363.mp4,49,0,151,0.0
363.mp4,54,0,151,0.0
365.mp4,99,0,150,0.0
365.mp4,146,0,150,0.0
365.mp4,128,0,150,0.0
366.mp4,49,0,160,1.0
366.mp4,141,0,160,1.0
366.mp4,11,0,160,1.0
367.mp4,18,0,151,0.0
367.mp4,82,0,151,0.0
367.mp4,89,0,151,0.0
369.mp4,29,0,160,2.0
369.mp4,78,0,160,2.0
369.mp4,12,0,160,2.0
371.mp4,76,1,150,4.0
371.mp4,101,1,150,4.0
371.mp4,45,1,150,4.0
372.mp4,116,1,152,0.0
372.mp4,75,1,152,0.0
372.mp4,124,1,152,0.0
373.mp4,104,0,160,1.0
373.mp4,157,0,160,1.0
373.mp4,38,0,160,1.0
374.mp4,126,1,162,3.0
374.mp4,17,1,162,3.0
374.mp4,27,1,162,3.0
375.mp4,62,1,145,4.0
375.mp4,132,1,145,4.0
375.mp4,39,1,145,4.0
376.mp4,89,1,145,0.0
376.mp4,139,1,145,0.0
376.mp4,68,1,145,0.0
379.mp4,7,1,160,0.0
379.mp4,106,1,160,0.0
379.mp4,24,1,160,0.0
382.mp4,82,1,160,4.0
382.mp4,17,1,160,4.0
382.mp4,105,1,160,4.0
383.mp4,141,1,145,4.0
383.mp4,41,1,145,4.0
383.mp4,72,1,145,4.0
385.mp4,141,1,152,0.0
385.mp4,63,1,152,0.0
385.mp4,21,1,152,0.0
386.mp4,27,0,160,2.0
386.mp4,70,0,160,2.0
386.mp4,84,0,160,2.0
388.mp4,80,0,151,1.0
388.mp4,96,0,151,1.0
388.mp4,52,0,151,1.0
389.mp4,43,0,160,0.0
389.mp4,80,0,160,0.0
389.mp4,68,0,160,0.0
391.mp4,16,1,152,0.0
391.mp4,44,1,152,0.0
391.mp4,75,1,152,0.0
393.mp4,1,1,19,0.0
393.mp4,2,1,19,0.0
393.mp4,5,1,19,0.0
395.mp4,100,1,162,3.0
395.mp4,50,1,162,3.0
395.mp4,144,1,162,3.0
396.mp4,129,0,160,2.0
396.mp4,29,0,160,2.0
396.mp4,17,0,160,2.0
398.mp4,120,1,152,1.0
398.mp4,28,1,152,1.0
398.mp4,21,1,152,1.0
399.mp4,121,0,150,3.0
399.mp4,34,0,150,3.0
399.mp4,138,0,150,3.0
401.mp4,120,1,152,4.0
401.mp4,101,1,152,4.0
401.mp4,137,1,152,4.0
402.mp4,136,1,150,2.0
402.mp4,39,1,150,2.0
402.mp4,89,1,150,2.0
405.mp4,48,0,160,4.0
405.mp4,42,0,160,4.0
405.mp4,39,0,160,4.0
407.mp4,125,0,150,1.0
407.mp4,134,0,150,1.0
407.mp4,143,0,150,1.0
408.mp4,116,1,152,0.0
408.mp4,134,1,152,0.0
408.mp4,142,1,152,0.0
409.mp4,23,1,160,1.0
409.mp4,61,1,160,1.0
409.mp4,150,1,160,1.0
413.mp4,57,0,160,1.0
413.mp4,5,0,160,1.0
413.mp4,123,0,160,1.0
414.mp4,40,1,152,2.0
414.mp4,90,1,152,2.0
414.mp4,15,1,152,2.0
416.mp4,114,1,152,2.0
416.mp4,5,1,152,2.0
416.mp4,47,1,152,2.0
417.mp4,24,0,160,1.0
417.mp4,124,0,160,1.0
417.mp4,47,0,160,1.0
418.mp4,65,0,149,1.0
418.mp4,14,0,149,1.0
418.mp4,39,0,149,1.0
421.mp4,146,1,152,2.0
421.mp4,140,1,152,2.0
421.mp4,81,1,152,2.0
422.mp4,37,1,152,2.0
422.mp4,142,1,152,2.0
422.mp4,69,1,152,2.0
423.mp4,77,1,145,3.0
423.mp4,97,1,145,3.0
423.mp4,137,1,145,3.0
424.mp4,69,1,152,3.0
424.mp4,64,1,152,3.0
424.mp4,40,1,152,3.0
425.mp4,44,1,152,1.0
425.mp4,140,1,152,1.0
425.mp4,110,1,152,1.0
426.mp4,26,1,151,1.0
426.mp4,103,1,151,1.0
426.mp4,82,1,151,1.0
428.mp4,140,0,150,3.0
428.mp4,108,0,150,3.0
428.mp4,67,0,150,3.0
429.mp4,139,1,152,3.0
429.mp4,142,1,152,3.0
429.mp4,65,1,152,3.0
430.mp4,137,1,152,4.0
430.mp4,104,1,152,4.0
430.mp4,2,1,152,4.0
431.mp4,70,0,150,1.0
431.mp4,5,0,150,1.0
431.mp4,66,0,150,1.0
432.mp4,146,1,150,1.0
432.mp4,67,1,150,1.0
432.mp4,24,1,150,1.0
433.mp4,121,1,152,4.0
433.mp4,36,1,152,4.0
433.mp4,53,1,152,4.0
434.mp4,146,0,150,1.0
434.mp4,128,0,150,1.0
434.mp4,43,0,150,1.0
435.mp4,97,0,160,4.0
435.mp4,74,0,160,4.0
435.mp4,130,0,160,4.0
438.mp4,109,1,145,4.0
438.mp4,105,1,145,4.0
438.mp4,137,1,145,4.0
439.mp4,24,1,152,4.0
439.mp4,27,1,152,4.0
439.mp4,23,1,152,4.0
440.mp4,15,1,145,3.0
440.mp4,41,1,145,3.0
440.mp4,64,1,145,3.0
441.mp4,64,1,152,1.0
441.mp4,6,1,152,1.0
441.mp4,20,1,152,1.0
444.mp4,60,1,152,3.0
444.mp4,135,1,152,3.0
444.mp4,61,1,152,3.0
446.mp4,143,0,149,3.0
446.mp4,92,0,149,3.0
446.mp4,43,0,149,3.0
447.mp4,65,1,152,4.0
447.mp4,64,1,152,4.0
447.mp4,5,1,152,4.0
448.mp4,60,0,150,2.0
448.mp4,129,0,150,2.0
448.mp4,17,0,150,2.0
452.mp4,73,1,152,2.0
452.mp4,26,1,152,2.0
452.mp4,79,1,152,2.0
453.mp4,97,1,160,1.0
453.mp4,74,1,160,1.0
453.mp4,102,1,160,1.0
454.mp4,22,0,160,1.0
454.mp4,101,0,160,1.0
454.mp4,47,0,160,1.0
455.mp4,68,0,150,3.0
455.mp4,32,0,150,3.0
455.mp4,64,0,150,3.0
456.mp4,49,0,150,4.0
456.mp4,107,0,150,4.0
456.mp4,14,0,150,4.0
457.mp4,102,0,150,2.0
457.mp4,99,0,150,2.0
457.mp4,126,0,150,2.0
458.mp4,129,0,160,2.0
458.mp4,59,0,160,2.0
458.mp4,154,0,160,2.0
459.mp4,144,0,150,1.0
459.mp4,69,0,150,1.0
459.mp4,97,0,150,1.0
461.mp4,47,0,160,0.0
461.mp4,80,0,160,0.0
461.mp4,75,0,160,0.0
462.mp4,82,0,149,0.0
462.mp4,106,0,149,0.0
462.mp4,57,0,149,0.0
463.mp4,40,1,160,1.0
463.mp4,86,1,160,1.0
463.mp4,94,1,160,1.0
464.mp4,80,1,147,3.0
464.mp4,10,1,147,3.0
464.mp4,66,1,147,3.0
465.mp4,44,0,160,3.0
465.mp4,3,0,160,3.0
465.mp4,32,0,160,3.0
467.mp4,110,0,148,4.0
467.mp4,84,0,148,4.0
467.mp4,51,0,148,4.0
468.mp4,41,0,150,1.0
468.mp4,34,0,150,1.0
468.mp4,115,0,150,1.0
469.mp4,23,1,152,3.0
469.mp4,87,1,152,3.0
469.mp4,76,1,152,3.0
470.mp4,40,1,111,3.0
470.mp4,16,1,111,3.0
470.mp4,0,1,111,3.0
471.mp4,113,0,150,1.0
471.mp4,94,0,150,1.0
471.mp4,0,0,150,1.0
472.mp4,84,1,162,0.0
472.mp4,15,1,162,0.0
472.mp4,75,1,162,0.0
473.mp4,94,1,152,1.0
473.mp4,102,1,152,1.0
473.mp4,79,1,152,1.0
477.mp4,96,1,152,3.0
477.mp4,112,1,152,3.0
477.mp4,55,1,152,3.0
478.mp4,68,1,87,3.0
478.mp4,25,1,87,3.0
478.mp4,45,1,87,3.0
480.mp4,21,1,152,0.0
480.mp4,125,1,152,0.0
480.mp4,64,1,152,0.0
483.mp4,57,0,150,1.0
483.mp4,141,0,150,1.0
483.mp4,106,0,150,1.0
485.mp4,0,0,126,4.0
485.mp4,71,0,126,4.0
485.mp4,113,0,126,4.0
489.mp4,87,0,150,1.0
489.mp4,21,0,150,1.0
489.mp4,117,0,150,1.0
490.mp4,129,1,152,1.0
490.mp4,48,1,152,1.0
490.mp4,12,1,152,1.0
491.mp4,41,1,152,2.0
491.mp4,92,1,152,2.0
491.mp4,48,1,152,2.0
492.mp4,95,0,160,0.0
492.mp4,8,0,160,0.0
492.mp4,54,0,160,0.0
493.mp4,110,1,162,0.0
493.mp4,87,1,162,0.0
493.mp4,69,1,162,0.0
494.mp4,126,0,160,4.0
494.mp4,59,0,160,4.0
494.mp4,136,0,160,4.0
495.mp4,146,0,160,2.0
495.mp4,79,0,160,2.0
495.mp4,37,0,160,2.0
497.mp4,11,1,145,0.0
497.mp4,75,1,145,0.0
497.mp4,98,1,145,0.0
501.mp4,7,0,160,1.0
501.mp4,12,0,160,1.0
501.mp4,96,0,160,1.0
504.mp4,3,1,160,2.0
504.mp4,151,1,160,2.0
504.mp4,136,1,160,2.0
506.mp4,22,1,160,4.0
506.mp4,106,1,160,4.0
506.mp4,157,1,160,4.0
508.mp4,21,1,102,0.0
508.mp4,96,1,102,0.0
508.mp4,39,1,102,0.0
511.mp4,14,0,150,2.0
511.mp4,101,0,150,2.0
511.mp4,18,0,150,2.0
512.mp4,61,0,160,3.0
512.mp4,127,0,160,3.0
512.mp4,35,0,160,3.0
514.mp4,146,0,151,3.0
514.mp4,104,0,151,3.0
514.mp4,76,0,151,3.0
515.mp4,45,1,152,0.0
515.mp4,124,1,152,0.0
515.mp4,106,1,152,0.0
517.mp4,17,0,160,1.0
517.mp4,85,0,160,1.0
517.mp4,110,0,160,1.0
518.mp4,124,0,148,3.0
518.mp4,0,0,148,3.0
518.mp4,34,0,148,3.0
519.mp4,112,0,160,1.0
519.mp4,73,0,160,1.0
519.mp4,142,0,160,1.0
521.mp4,97,0,160,1.0
521.mp4,28,0,160,1.0
521.mp4,158,0,160,1.0
524.mp4,149,0,151,3.0
524.mp4,43,0,151,3.0
524.mp4,81,0,151,3.0
526.mp4,12,0,150,2.0
526.mp4,16,0,150,2.0
526.mp4,76,0,150,2.0
530.mp4,67,0,150,3.0
530.mp4,128,0,150,3.0
530.mp4,94,0,150,3.0
534.mp4,51,1,152,0.0
534.mp4,91,1,152,0.0
534.mp4,79,1,152,0.0
535.mp4,88,1,152,2.0
535.mp4,30,1,152,2.0
535.mp4,70,1,152,2.0
536.mp4,81,0,148,0.0
536.mp4,49,0,148,0.0
536.mp4,57,0,148,0.0
541.mp4,57,1,152,4.0
541.mp4,92,1,152,4.0
541.mp4,145,1,152,4.0
543.mp4,72,1,152,1.0
543.mp4,117,1,152,1.0
543.mp4,148,1,152,1.0
544.mp4,19,1,152,1.0
544.mp4,65,1,152,1.0
544.mp4,143,1,152,1.0
546.mp4,71,1,150,4.0
546.mp4,42,1,150,4.0
546.mp4,130,1,150,4.0
547.mp4,25,1,85,0.0
547.mp4,2,1,85,0.0
547.mp4,11,1,85,0.0
548.mp4,10,0,160,2.0
548.mp4,155,0,160,2.0
548.mp4,115,0,160,2.0
549.mp4,65,1,162,4.0
549.mp4,75,1,162,4.0
549.mp4,90,1,162,4.0
550.mp4,112,0,160,2.0
550.mp4,120,0,160,2.0
550.mp4,53,0,160,2.0
551.mp4,118,1,151,2.0
551.mp4,117,1,151,2.0
551.mp4,110,1,151,2.0
553.mp4,50,0,148,2.0
553.mp4,52,0,148,2.0
553.mp4,88,0,148,2.0
554.mp4,17,1,162,0.0
554.mp4,63,1,162,0.0
554.mp4,33,1,162,0.0
555.mp4,58,1,150,1.0
555.mp4,139,1,150,1.0
555.mp4,149,1,150,1.0
556.mp4,12,1,152,4.0
556.mp4,95,1,152,4.0
556.mp4,40,1,152,4.0
558.mp4,91,1,152,1.0
558.mp4,133,1,152,1.0
558.mp4,130,1,152,1.0
559.mp4,97,0,160,3.0
559.mp4,81,0,160,3.0
559.mp4,79,0,160,3.0
560.mp4,89,1,150,3.0
560.mp4,73,1,150,3.0
560.mp4,78,1,150,3.0
561.mp4,33,0,150,1.0
561.mp4,148,0,150,1.0
561.mp4,114,0,150,1.0
564.mp4,32,0,150,2.0
564.mp4,9,0,150,2.0
564.mp4,22,0,150,2.0
565.mp4,54,0,150,4.0
565.mp4,130,0,150,4.0
565.mp4,69,0,150,4.0
568.mp4,103,0,150,0.0
568.mp4,32,0,150,0.0
568.mp4,17,0,150,0.0
570.mp4,65,0,105,3.0
570.mp4,74,0,105,3.0
570.mp4,79,0,105,3.0
571.mp4,135,0,150,2.0
571.mp4,132,0,150,2.0
571.mp4,143,0,150,2.0
572.mp4,56,0,160,3.0
572.mp4,63,0,160,3.0
572.mp4,67,0,160,3.0
576.mp4,98,1,152,0.0
576.mp4,22,1,152,0.0
576.mp4,129,1,152,0.0
577.mp4,68,0,150,4.0
577.mp4,31,0,150,4.0
577.mp4,36,0,150,4.0
579.mp4,42,0,160,1.0
579.mp4,69,0,160,1.0
579.mp4,101,0,160,1.0
580.mp4,11,1,150,3.0
580.mp4,60,1,150,3.0
580.mp4,1,1,150,3.0
582.mp4,38,1,126,3.0
582.mp4,48,1,126,3.0
582.mp4,121,1,126,3.0
584.mp4,30,1,145,1.0
584.mp4,123,1,145,1.0
584.mp4,94,1,145,1.0
585.mp4,43,0,160,4.0
585.mp4,21,0,160,4.0
585.mp4,63,0,160,4.0
589.mp4,84,0,151,1.0
589.mp4,61,0,151,1.0
589.mp4,92,0,151,1.0
591.mp4,23,1,152,4.0
591.mp4,106,1,152,4.0
591.mp4,142,1,152,4.0
593.mp4,18,1,106,0.0
593.mp4,64,1,106,0.0
593.mp4,29,1,106,0.0
594.mp4,134,1,162,3.0
594.mp4,106,1,162,3.0
594.mp4,147,1,162,3.0
595.mp4,113,1,152,0.0
595.mp4,123,1,152,0.0
595.mp4,104,1,152,0.0
596.mp4,131,1,152,2.0
596.mp4,120,1,152,2.0
596.mp4,122,1,152,2.0
597.mp4,101,1,152,0.0
597.mp4,39,1,152,0.0
597.mp4,36,1,152,0.0
598.mp4,136,0,160,3.0
598.mp4,33,0,160,3.0
598.mp4,65,0,160,3.0
599.mp4,43,0,160,2.0
599.mp4,117,0,160,2.0
599.mp4,146,0,160,2.0
600.mp4,60,1,160,0.0
600.mp4,85,1,160,0.0
600.mp4,132,1,160,0.0
601.mp4,4,0,160,0.0
601.mp4,44,0,160,0.0
601.mp4,18,0,160,0.0
603.mp4,74,0,149,3.0
603.mp4,61,0,149,3.0
603.mp4,117,0,149,3.0
605.mp4,136,1,152,3.0
605.mp4,12,1,152,3.0
605.mp4,118,1,152,3.0
608.mp4,147,1,151,4.0
608.mp4,104,1,151,4.0
608.mp4,90,1,151,4.0
609.mp4,137,0,151,0.0
609.mp4,133,0,151,0.0
609.mp4,40,0,151,0.0
610.mp4,108,0,160,4.0
610.mp4,140,0,160,4.0
610.mp4,19,0,160,4.0
612.mp4,111,1,152,4.0
612.mp4,70,1,152,4.0
612.mp4,95,1,152,4.0
613.mp4,39,1,150,0.0
613.mp4,114,1,150,0.0
613.mp4,77,1,150,0.0
615.mp4,121,1,152,3.0
615.mp4,94,1,152,3.0
615.mp4,105,1,152,3.0
618.mp4,63,0,150,4.0
618.mp4,85,0,150,4.0
618.mp4,53,0,150,4.0
619.mp4,93,0,150,4.0
619.mp4,71,0,150,4.0
619.mp4,76,0,150,4.0
620.mp4,36,1,152,0.0
620.mp4,37,1,152,0.0
620.mp4,77,1,152,0.0
622.mp4,73,0,150,2.0
622.mp4,125,0,150,2.0
622.mp4,61,0,150,2.0
623.mp4,27,1,152,4.0
623.mp4,91,1,152,4.0
623.mp4,70,1,152,4.0
624.mp4,43,1,152,1.0
624.mp4,37,1,152,1.0
624.mp4,32,1,152,1.0
627.mp4,52,0,160,2.0
627.mp4,155,0,160,2.0
627.mp4,40,0,160,2.0
628.mp4,52,0,126,0.0
628.mp4,78,0,126,0.0
628.mp4,95,0,126,0.0
629.mp4,4,0,160,3.0
629.mp4,48,0,160,3.0
629.mp4,143,0,160,3.0
630.mp4,136,1,152,1.0
630.mp4,3,1,152,1.0
630.mp4,102,1,152,1.0
631.mp4,80,1,152,1.0
631.mp4,124,1,152,1.0
631.mp4,61,1,152,1.0
632.mp4,70,1,145,1.0
632.mp4,125,1,145,1.0
632.mp4,79,1,145,1.0
635.mp4,6,0,150,4.0
635.mp4,27,0,150,4.0
635.mp4,95,0,150,4.0
636.mp4,98,0,150,2.0
636.mp4,29,0,150,2.0
636.mp4,67,0,150,2.0
637.mp4,44,1,152,2.0
637.mp4,42,1,152,2.0
637.mp4,119,1,152,2.0
639.mp4,12,0,149,4.0
639.mp4,67,0,149,4.0
639.mp4,83,0,149,4.0
641.mp4,86,0,150,2.0
641.mp4,93,0,150,2.0
641.mp4,77,0,150,2.0
643.mp4,38,0,160,2.0
643.mp4,26,0,160,2.0
643.mp4,24,0,160,2.0
644.mp4,122,0,160,1.0
644.mp4,40,0,160,1.0
644.mp4,85,0,160,1.0
645.mp4,39,1,152,3.0
645.mp4,52,1,152,3.0
645.mp4,114,1,152,3.0
650.mp4,4,1,152,3.0
650.mp4,51,1,152,3.0
650.mp4,70,1,152,3.0
651.mp4,64,0,160,4.0
651.mp4,156,0,160,4.0
651.mp4,85,0,160,4.0
652.mp4,82,1,152,4.0
652.mp4,11,1,152,4.0
652.mp4,40,1,152,4.0
653.mp4,42,0,150,1.0
653.mp4,116,0,150,1.0
653.mp4,44,0,150,1.0
655.mp4,113,1,162,3.0
655.mp4,78,1,162,3.0
655.mp4,72,1,162,3.0
656.mp4,119,0,160,2.0
656.mp4,36,0,160,2.0
656.mp4,58,0,160,2.0
657.mp4,70,1,150,3.0
657.mp4,100,1,150,3.0
657.mp4,84,1,150,3.0
658.mp4,87,0,160,2.0
658.mp4,34,0,160,2.0
658.mp4,116,0,160,2.0
662.mp4,44,1,160,3.0
662.mp4,68,1,160,3.0
662.mp4,99,1,160,3.0
663.mp4,5,1,160,4.0
663.mp4,72,1,160,4.0
663.mp4,105,1,160,4.0
664.mp4,74,1,152,1.0
664.mp4,34,1,152,1.0
664.mp4,22,1,152,1.0
667.mp4,145,0,150,3.0
667.mp4,23,0,150,3.0
667.mp4,100,0,150,3.0
668.mp4,74,0,150,2.0
668.mp4,37,0,150,2.0
668.mp4,47,0,150,2.0
670.mp4,155,0,160,4.0
670.mp4,88,0,160,4.0
670.mp4,100,0,160,4.0
673.mp4,78,0,150,0.0
673.mp4,4,0,150,0.0
673.mp4,40,0,150,0.0
674.mp4,50,1,100,1.0
674.mp4,85,1,100,1.0
674.mp4,97,1,100,1.0
676.mp4,95,1,145,2.0
676.mp4,26,1,145,2.0
676.mp4,22,1,145,2.0
678.mp4,126,1,145,1.0
678.mp4,85,1,145,1.0
678.mp4,90,1,145,1.0
681.mp4,41,1,152,4.0
681.mp4,150,1,152,4.0
681.mp4,73,1,152,4.0
682.mp4,85,0,160,3.0
682.mp4,133,0,160,3.0
682.mp4,32,0,160,3.0
684.mp4,151,0,160,0.0
684.mp4,72,0,160,0.0
684.mp4,106,0,160,0.0
685.mp4,45,1,152,1.0
685.mp4,102,1,152,1.0
685.mp4,23,1,152,1.0
686.mp4,90,1,150,2.0
686.mp4,85,1,150,2.0
686.mp4,12,1,150,2.0
687.mp4,121,1,145,3.0
687.mp4,8,1,145,3.0
687.mp4,12,1,145,3.0
688.mp4,5,0,150,1.0
688.mp4,87,0,150,1.0
688.mp4,111,0,150,1.0
690.mp4,112,1,152,2.0
690.mp4,61,1,152,2.0
690.mp4,54,1,152,2.0
691.mp4,27,1,152,2.0
691.mp4,18,1,152,2.0
691.mp4,83,1,152,2.0
692.mp4,78,1,152,2.0
692.mp4,32,1,152,2.0
692.mp4,110,1,152,2.0
693.mp4,62,1,102,0.0
693.mp4,49,1,102,0.0
693.mp4,75,1,102,0.0
694.mp4,61,0,150,1.0
694.mp4,16,0,150,1.0
694.mp4,112,0,150,1.0
695.mp4,2,0,160,4.0
695.mp4,37,0,160,4.0
695.mp4,44,0,160,4.0
697.mp4,143,1,150,1.0
697.mp4,48,1,150,1.0
697.mp4,99,1,150,1.0
698.mp4,99,0,150,1.0
698.mp4,73,0,150,1.0
698.mp4,30,0,150,1.0
699.mp4,1,1,152,2.0
699.mp4,100,1,152,2.0
699.mp4,109,1,152,2.0
700.mp4,122,1,150,2.0
700.mp4,85,1,150,2.0
700.mp4,84,1,150,2.0
702.mp4,2,1,152,0.0
702.mp4,74,1,152,0.0
702.mp4,90,1,152,0.0
704.mp4,122,0,160,1.0
704.mp4,78,0,160,1.0
704.mp4,22,0,160,1.0
709.mp4,62,1,152,1.0
709.mp4,118,1,152,1.0
709.mp4,26,1,152,1.0
710.mp4,102,0,160,4.0
710.mp4,149,0,160,4.0
710.mp4,146,0,160,4.0
711.mp4,14,0,150,1.0
711.mp4,144,0,150,1.0
711.mp4,52,0,150,1.0
713.mp4,140,1,152,4.0
713.mp4,62,1,152,4.0
713.mp4,29,1,152,4.0
715.mp4,130,0,150,0.0
715.mp4,30,0,150,0.0
715.mp4,63,0,150,0.0
716.mp4,136,0,150,0.0
716.mp4,119,0,150,0.0
716.mp4,7,0,150,0.0
718.mp4,11,1,152,0.0
718.mp4,35,1,152,0.0
718.mp4,148,1,152,0.0
719.mp4,129,1,152,0.0
719.mp4,32,1,152,0.0
719.mp4,108,1,152,0.0
720.mp4,28,1,152,2.0
720.mp4,7,1,152,2.0
720.mp4,100,1,152,2.0
721.mp4,147,0,160,2.0
721.mp4,108,0,160,2.0
721.mp4,31,0,160,2.0
723.mp4,21,0,160,4.0
723.mp4,107,0,160,4.0
723.mp4,148,0,160,4.0
726.mp4,129,0,150,2.0
726.mp4,64,0,150,2.0
726.mp4,28,0,150,2.0
727.mp4,107,1,160,3.0
727.mp4,80,1,160,3.0
727.mp4,88,1,160,3.0
729.mp4,78,0,150,3.0
729.mp4,38,0,150,3.0
729.mp4,65,0,150,3.0
734.mp4,11,1,152,4.0
734.mp4,91,1,152,4.0
734.mp4,130,1,152,4.0
735.mp4,89,0,160,0.0
735.mp4,154,0,160,0.0
735.mp4,136,0,160,0.0
736.mp4,26,0,160,4.0
736.mp4,71,0,160,4.0
736.mp4,73,0,160,4.0
737.mp4,37,1,152,1.0
737.mp4,151,1,152,1.0
737.mp4,127,1,152,1.0
738.mp4,71,0,160,3.0
738.mp4,132,0,160,3.0
738.mp4,20,0,160,3.0
739.mp4,135,0,150,3.0
739.mp4,139,0,150,3.0
739.mp4,37,0,150,3.0
741.mp4,40,0,150,1.0
741.mp4,36,0,150,1.0
741.mp4,101,0,150,1.0
742.mp4,90,0,160,2.0
742.mp4,88,0,160,2.0
742.mp4,82,0,160,2.0
744.mp4,95,1,152,1.0
744.mp4,63,1,152,1.0
744.mp4,113,1,152,1.0
745.mp4,137,0,150,2.0
745.mp4,15,0,150,2.0
745.mp4,73,0,150,2.0
746.mp4,111,0,160,2.0
746.mp4,114,0,160,2.0
746.mp4,56,0,160,2.0
747.mp4,69,0,160,3.0
747.mp4,7,0,160,3.0
747.mp4,49,0,160,3.0
750.mp4,108,0,149,3.0
750.mp4,112,0,149,3.0
750.mp4,32,0,149,3.0
751.mp4,16,0,148,4.0
751.mp4,130,0,148,4.0
751.mp4,8,0,148,4.0
753.mp4,61,1,152,0.0
753.mp4,129,1,152,0.0
753.mp4,104,1,152,0.0
754.mp4,5,0,160,1.0
754.mp4,98,0,160,1.0
754.mp4,15,0,160,1.0
755.mp4,57,0,160,3.0
755.mp4,64,0,160,3.0
755.mp4,118,0,160,3.0
756.mp4,149,1,152,0.0
756.mp4,51,1,152,0.0
756.mp4,21,1,152,0.0
758.mp4,81,1,152,3.0
758.mp4,58,1,152,3.0
758.mp4,39,1,152,3.0
759.mp4,71,1,152,4.0
759.mp4,61,1,152,4.0
759.mp4,26,1,152,4.0
763.mp4,148,1,152,4.0
763.mp4,38,1,152,4.0
763.mp4,132,1,152,4.0
764.mp4,58,0,150,4.0
764.mp4,80,0,150,4.0
764.mp4,111,0,150,4.0
769.mp4,50,1,152,1.0
769.mp4,48,1,152,1.0
769.mp4,113,1,152,1.0
771.mp4,12,0,126,3.0
771.mp4,51,0,126,3.0
771.mp4,80,0,126,3.0
772.mp4,137,1,152,1.0
772.mp4,12,1,152,1.0
772.mp4,25,1,152,1.0
774.mp4,74,0,150,3.0
774.mp4,58,0,150,3.0
774.mp4,143,0,150,3.0
775.mp4,22,1,152,3.0
775.mp4,46,1,152,3.0
775.mp4,6,1,152,3.0
778.mp4,11,0,160,3.0
778.mp4,109,0,160,3.0
778.mp4,37,0,160,3.0
780.mp4,13,0,160,2.0
780.mp4,140,0,160,2.0
780.mp4,75,0,160,2.0
781.mp4,35,1,120,2.0
781.mp4,72,1,120,2.0
781.mp4,2,1,120,2.0
782.mp4,6,0,160,0.0
782.mp4,153,0,160,0.0
782.mp4,0,0,160,0.0
784.mp4,134,0,160,0.0
784.mp4,159,0,160,0.0
784.mp4,113,0,160,0.0
785.mp4,140,1,150,0.0
785.mp4,10,1,150,0.0
785.mp4,89,1,150,0.0
787.mp4,24,1,160,0.0
787.mp4,89,1,160,0.0
787.mp4,11,1,160,0.0
788.mp4,5,0,150,2.0
788.mp4,15,0,150,2.0
788.mp4,146,0,150,2.0
791.mp4,149,1,152,0.0
791.mp4,139,1,152,0.0
791.mp4,120,1,152,0.0
792.mp4,33,1,152,1.0
792.mp4,120,1,152,1.0
792.mp4,67,1,152,1.0
795.mp4,79,1,152,4.0
795.mp4,61,1,152,4.0
795.mp4,102,1,152,4.0
796.mp4,68,0,160,3.0
796.mp4,60,0,160,3.0
796.mp4,129,0,160,3.0
797.mp4,90,1,162,3.0
797.mp4,41,1,162,3.0
797.mp4,160,1,162,3.0
798.mp4,17,1,152,1.0
798.mp4,124,1,152,1.0
798.mp4,88,1,152,1.0
800.mp4,110,0,160,0.0
800.mp4,109,0,160,0.0
800.mp4,9,0,160,0.0
802.mp4,42,0,150,4.0
802.mp4,114,0,150,4.0
802.mp4,75,0,150,4.0
803.mp4,103,0,160,2.0
803.mp4,31,0,160,2.0
803.mp4,159,0,160,2.0
804.mp4,80,1,150,2.0
804.mp4,78,1,150,2.0
804.mp4,81,1,150,2.0
805.mp4,64,1,145,4.0
805.mp4,24,1,145,4.0
805.mp4,65,1,145,4.0
807.mp4,3,0,126,0.0
807.mp4,105,0,126,0.0
807.mp4,112,0,126,0.0
809.mp4,58,0,160,2.0
809.mp4,106,0,160,2.0
809.mp4,35,0,160,2.0
810.mp4,98,0,160,0.0
810.mp4,146,0,160,0.0
810.mp4,9,0,160,0.0
811.mp4,68,0,160,4.0
811.mp4,9,0,160,4.0
811.mp4,141,0,160,4.0
812.mp4,65,0,160,3.0
812.mp4,128,0,160,3.0
812.mp4,108,0,160,3.0
813.mp4,51,0,160,2.0
813.mp4,34,0,160,2.0
813.mp4,30,0,160,2.0
814.mp4,146,1,160,2.0
814.mp4,144,1,160,2.0
814.mp4,117,1,160,2.0
815.mp4,51,1,151,0.0
815.mp4,127,1,151,0.0
815.mp4,0,1,151,0.0
816.mp4,115,0,160,4.0
816.mp4,88,0,160,4.0
816.mp4,19,0,160,4.0
817.mp4,113,1,162,2.0
817.mp4,76,1,162,2.0
817.mp4,74,1,162,2.0
818.mp4,116,1,160,1.0
818.mp4,149,1,160,1.0
818.mp4,41,1,160,1.0
819.mp4,122,1,150,1.0
819.mp4,85,1,150,1.0
819.mp4,87,1,150,1.0
820.mp4,97,0,160,4.0
820.mp4,18,0,160,4.0
820.mp4,123,0,160,4.0
821.mp4,103,1,145,3.0
821.mp4,22,1,145,3.0
821.mp4,45,1,145,3.0
823.mp4,132,1,152,4.0
823.mp4,49,1,152,4.0
823.mp4,6,1,152,4.0
824.mp4,127,1,160,4.0
824.mp4,109,1,160,4.0
824.mp4,101,1,160,4.0
825.mp4,143,1,152,2.0
825.mp4,142,1,152,2.0
825.mp4,13,1,152,2.0
827.mp4,141,1,152,4.0
827.mp4,111,1,152,4.0
827.mp4,73,1,152,4.0
834.mp4,84,1,152,2.0
834.mp4,125,1,152,2.0
834.mp4,28,1,152,2.0
835.mp4,87,1,150,1.0
835.mp4,49,1,150,1.0
835.mp4,68,1,150,1.0
836.mp4,16,1,152,1.0
836.mp4,55,1,152,1.0
836.mp4,25,1,152,1.0
837.mp4,53,0,150,1.0
837.mp4,75,0,150,1.0
837.mp4,126,0,150,1.0
838.mp4,149,0,150,0.0
838.mp4,84,0,150,0.0
838.mp4,31,0,150,0.0
839.mp4,34,1,152,2.0
839.mp4,63,1,152,2.0
839.mp4,148,1,152,2.0
840.mp4,17,0,160,1.0
840.mp4,133,0,160,1.0
840.mp4,60,0,160,1.0
842.mp4,92,1,162,0.0
842.mp4,98,1,162,0.0
842.mp4,106,1,162,0.0
844.mp4,124,1,151,4.0
844.mp4,98,1,151,4.0
844.mp4,53,1,151,4.0
845.mp4,105,1,152,1.0
845.mp4,15,1,152,1.0
845.mp4,5,1,152,1.0
846.mp4,80,0,150,4.0
846.mp4,2,0,150,4.0
846.mp4,127,0,150,4.0
847.mp4,107,1,152,4.0
847.mp4,94,1,152,4.0
847.mp4,12,1,152,4.0
849.mp4,79,0,160,4.0
849.mp4,46,0,160,4.0
849.mp4,145,0,160,4.0
850.mp4,2,0,150,0.0
850.mp4,112,0,150,0.0
850.mp4,73,0,150,0.0
851.mp4,65,1,152,3.0
851.mp4,79,1,152,3.0
851.mp4,18,1,152,3.0
852.mp4,4,0,160,1.0
852.mp4,19,0,160,1.0
852.mp4,106,0,160,1.0
855.mp4,37,1,152,4.0
855.mp4,52,1,152,4.0
855.mp4,137,1,152,4.0
856.mp4,28,1,150,0.0
856.mp4,114,1,150,0.0
856.mp4,45,1,150,0.0
858.mp4,51,1,151,2.0
858.mp4,124,1,151,2.0
858.mp4,83,1,151,2.0
859.mp4,14,1,152,0.0
859.mp4,27,1,152,0.0
859.mp4,132,1,152,0.0
860.mp4,122,0,160,4.0
860.mp4,28,0,160,4.0
860.mp4,108,0,160,4.0
862.mp4,30,0,160,0.0
862.mp4,130,0,160,0.0
862.mp4,73,0,160,0.0
863.mp4,49,0,107,1.0
863.mp4,104,0,107,1.0
863.mp4,4,0,107,1.0
864.mp4,32,1,152,3.0
864.mp4,12,1,152,3.0
864.mp4,88,1,152,3.0
865.mp4,97,1,126,4.0
865.mp4,101,1,126,4.0
865.mp4,40,1,126,4.0
869.mp4,78,1,150,1.0
869.mp4,124,1,150,1.0
869.mp4,47,1,150,1.0
870.mp4,80,1,152,0.0
870.mp4,61,1,152,0.0
870.mp4,16,1,152,0.0
871.mp4,44,1,126,1.0
871.mp4,14,1,126,1.0
871.mp4,36,1,126,1.0
873.mp4,61,1,162,0.0
873.mp4,76,1,162,0.0
873.mp4,149,1,162,0.0
874.mp4,16,1,150,4.0
874.mp4,74,1,150,4.0
874.mp4,50,1,150,4.0
875.mp4,68,1,152,0.0
875.mp4,25,1,152,0.0
875.mp4,64,1,152,0.0
877.mp4,47,0,151,0.0
877.mp4,83,0,151,0.0
877.mp4,110,0,151,0.0
878.mp4,109,0,160,4.0
878.mp4,13,0,160,4.0
878.mp4,12,0,160,4.0
885.mp4,121,1,152,2.0
885.mp4,137,1,152,2.0
885.mp4,151,1,152,2.0
886.mp4,22,0,160,2.0
886.mp4,94,0,160,2.0
886.mp4,131,0,160,2.0
887.mp4,4,0,150,2.0
887.mp4,19,0,150,2.0
887.mp4,112,0,150,2.0
888.mp4,46,1,162,2.0
888.mp4,31,1,162,2.0
888.mp4,22,1,162,2.0
889.mp4,4,1,150,2.0
889.mp4,3,1,150,2.0
889.mp4,95,1,150,2.0
893.mp4,53,1,152,2.0
893.mp4,31,1,152,2.0
893.mp4,81,1,152,2.0
894.mp4,77,0,151,1.0
894.mp4,24,0,151,1.0
894.mp4,123,0,151,1.0
895.mp4,94,0,160,0.0
895.mp4,141,0,160,0.0
895.mp4,68,0,160,0.0
896.mp4,65,1,152,0.0
896.mp4,147,1,152,0.0
896.mp4,24,1,152,0.0
897.mp4,35,1,151,1.0
897.mp4,17,1,151,1.0
897.mp4,2,1,151,1.0
899.mp4,154,0,160,1.0
899.mp4,11,0,160,1.0
899.mp4,16,0,160,1.0
900.mp4,116,1,126,4.0
900.mp4,18,1,126,4.0
900.mp4,81,1,126,4.0
903.mp4,126,0,160,2.0
903.mp4,130,0,160,2.0
903.mp4,33,0,160,2.0
904.mp4,149,0,160,4.0
904.mp4,70,0,160,4.0
904.mp4,135,0,160,4.0
907.mp4,89,0,126,2.0
907.mp4,55,0,126,2.0
907.mp4,11,0,126,2.0
908.mp4,43,1,152,3.0
908.mp4,96,1,152,3.0
908.mp4,82,1,152,3.0
910.mp4,3,0,151,3.0
910.mp4,74,0,151,3.0
910.mp4,37,0,151,3.0
911.mp4,51,0,150,2.0
911.mp4,85,0,150,2.0
911.mp4,108,0,150,2.0
912.mp4,123,1,152,4.0
912.mp4,126,1,152,4.0
912.mp4,77,1,152,4.0
913.mp4,30,1,150,1.0
913.mp4,92,1,150,1.0
913.mp4,54,1,150,1.0
914.mp4,56,0,150,3.0
914.mp4,123,0,150,3.0
914.mp4,110,0,150,3.0
920.mp4,100,0,160,2.0
920.mp4,73,0,160,2.0
920.mp4,122,0,160,2.0
921.mp4,11,0,160,3.0
921.mp4,134,0,160,3.0
921.mp4,150,0,160,3.0
926.mp4,19,1,152,3.0
926.mp4,57,1,152,3.0
926.mp4,53,1,152,3.0
927.mp4,22,1,150,2.0
927.mp4,40,1,150,2.0
927.mp4,24,1,150,2.0
929.mp4,128,1,152,4.0
929.mp4,107,1,152,4.0
929.mp4,148,1,152,4.0
931.mp4,135,0,160,4.0
931.mp4,80,0,160,4.0
931.mp4,119,0,160,4.0
936.mp4,90,1,162,2.0
936.mp4,43,1,162,2.0
936.mp4,69,1,162,2.0
937.mp4,102,0,160,3.0
937.mp4,72,0,160,3.0
937.mp4,54,0,160,3.0
938.mp4,25,0,150,1.0
938.mp4,132,0,150,1.0
938.mp4,48,0,150,1.0
941.mp4,32,0,160,4.0
941.mp4,58,0,160,4.0
941.mp4,92,0,160,4.0
943.mp4,98,0,160,0.0
943.mp4,141,0,160,0.0
943.mp4,17,0,160,0.0
945.mp4,97,1,152,4.0
945.mp4,112,1,152,4.0
945.mp4,63,1,152,4.0
946.mp4,22,1,152,1.0
946.mp4,78,1,152,1.0
946.mp4,125,1,152,1.0
947.mp4,108,0,160,0.0
947.mp4,62,0,160,0.0
947.mp4,20,0,160,0.0
948.mp4,111,1,152,0.0
948.mp4,138,1,152,0.0
948.mp4,117,1,152,0.0
950.mp4,148,1,152,3.0
950.mp4,51,1,152,3.0
950.mp4,94,1,152,3.0
951.mp4,133,1,150,0.0
951.mp4,43,1,150,0.0
951.mp4,121,1,150,0.0
952.mp4,65,0,150,2.0
952.mp4,118,0,150,2.0
952.mp4,68,0,150,2.0
954.mp4,92,1,150,4.0
954.mp4,103,1,150,4.0
954.mp4,112,1,150,4.0
958.mp4,98,0,160,1.0
958.mp4,111,0,160,1.0
958.mp4,39,0,160,1.0
961.mp4,139,1,158,4.0
961.mp4,130,1,158,4.0
961.mp4,99,1,158,4.0
963.mp4,142,1,145,4.0
963.mp4,97,1,145,4.0
963.mp4,99,1,145,4.0
967.mp4,149,0,150,2.0
967.mp4,90,0,150,2.0
967.mp4,35,0,150,2.0
969.mp4,140,1,145,1.0
969.mp4,65,1,145,1.0
969.mp4,105,1,145,1.0
974.mp4,121,0,160,0.0
974.mp4,6,0,160,0.0
974.mp4,152,0,160,0.0
975.mp4,56,1,152,0.0
975.mp4,134,1,152,0.0
975.mp4,132,1,152,0.0
976.mp4,34,1,152,1.0
976.mp4,106,1,152,1.0
976.mp4,76,1,152,1.0
977.mp4,143,0,150,3.0
977.mp4,118,0,150,3.0
977.mp4,126,0,150,3.0
980.mp4,71,1,152,1.0
980.mp4,79,1,152,1.0
980.mp4,8,1,152,1.0
982.mp4,107,0,150,0.0
982.mp4,120,0,150,0.0
982.mp4,102,0,150,0.0
985.mp4,63,0,148,4.0
985.mp4,107,0,148,4.0
985.mp4,21,0,148,4.0
986.mp4,105,1,152,2.0
986.mp4,103,1,152,2.0
986.mp4,34,1,152,2.0
987.mp4,124,1,162,0.0
987.mp4,36,1,162,0.0
987.mp4,37,1,162,0.0
988.mp4,105,1,152,4.0
988.mp4,28,1,152,4.0
988.mp4,128,1,152,4.0
990.mp4,35,1,162,0.0
990.mp4,63,1,162,0.0
990.mp4,8,1,162,0.0
991.mp4,98,1,152,4.0
991.mp4,140,1,152,4.0
991.mp4,105,1,152,4.0
992.mp4,13,1,152,3.0
992.mp4,29,1,152,3.0
992.mp4,6,1,152,3.0
993.mp4,67,0,150,1.0
993.mp4,30,0,150,1.0
993.mp4,34,0,150,1.0
994.mp4,2,0,160,0.0
994.mp4,99,0,160,0.0
994.mp4,153,0,160,0.0
995.mp4,55,1,152,3.0
995.mp4,147,1,152,3.0
995.mp4,49,1,152,3.0
996.mp4,146,0,150,0.0
996.mp4,36,0,150,0.0
996.mp4,119,0,150,0.0
997.mp4,108,1,152,0.0
997.mp4,145,1,152,0.0
997.mp4,122,1,152,0.0
998.mp4,50,0,160,0.0
998.mp4,99,0,160,0.0
998.mp4,107,0,160,0.0
1002.mp4,27,1,162,3.0
1002.mp4,12,1,162,3.0
1002.mp4,47,1,162,3.0
1003.mp4,27,0,150,2.0
1003.mp4,42,0,150,2.0
1003.mp4,72,0,150,2.0
1004.mp4,104,0,150,4.0
1004.mp4,48,0,150,4.0
1004.mp4,138,0,150,4.0
1007.mp4,96,1,145,1.0
1007.mp4,65,1,145,1.0
1007.mp4,34,1,145,1.0
1008.mp4,118,1,162,2.0
1008.mp4,20,1,162,2.0
1008.mp4,116,1,162,2.0
1012.mp4,131,0,160,1.0
1012.mp4,73,0,160,1.0
1012.mp4,121,0,160,1.0
1014.mp4,147,0,150,4.0
1014.mp4,19,0,150,4.0
1014.mp4,72,0,150,4.0
1015.mp4,64,0,150,4.0
1015.mp4,53,0,150,4.0
1015.mp4,76,0,150,4.0
1016.mp4,84,1,152,1.0
1016.mp4,63,1,152,1.0
1016.mp4,18,1,152,1.0
1017.mp4,125,0,160,2.0
1017.mp4,103,0,160,2.0
1017.mp4,29,0,160,2.0
1018.mp4,131,1,152,2.0
1018.mp4,109,1,152,2.0
1018.mp4,122,1,152,2.0
1019.mp4,38,0,160,1.0
1019.mp4,93,0,160,1.0
1019.mp4,136,0,160,1.0
1020.mp4,85,0,160,0.0
1020.mp4,23,0,160,0.0
1020.mp4,133,0,160,0.0
1021.mp4,79,1,145,0.0
1021.mp4,98,1,145,0.0
1021.mp4,53,1,145,0.0
1024.mp4,13,1,152,4.0
1024.mp4,15,1,152,4.0
1024.mp4,106,1,152,4.0
1026.mp4,86,0,150,3.0
1026.mp4,61,0,150,3.0
1026.mp4,5,0,150,3.0
1027.mp4,49,0,150,3.0
1027.mp4,66,0,150,3.0
1027.mp4,1,0,150,3.0
1028.mp4,105,0,150,3.0
1028.mp4,17,0,150,3.0
1028.mp4,137,0,150,3.0
1029.mp4,27,0,150,4.0
1029.mp4,86,0,150,4.0
1029.mp4,96,0,150,4.0
1030.mp4,108,0,150,1.0
1030.mp4,125,0,150,1.0
1030.mp4,0,0,150,1.0
1031.mp4,5,1,150,1.0
1031.mp4,109,1,150,1.0
1031.mp4,115,1,150,1.0
1033.mp4,112,1,152,4.0
1033.mp4,144,1,152,4.0
1033.mp4,46,1,152,4.0
1034.mp4,84,0,160,3.0
1034.mp4,71,0,160,3.0
1034.mp4,115,0,160,3.0
1038.mp4,45,0,160,3.0
1038.mp4,125,0,160,3.0
1038.mp4,73,0,160,3.0
1040.mp4,126,1,151,0.0
1040.mp4,0,1,151,0.0
1040.mp4,85,1,151,0.0
1042.mp4,29,1,160,0.0
1042.mp4,75,1,160,0.0
1042.mp4,138,1,160,0.0
1043.mp4,93,0,150,3.0
1043.mp4,96,0,150,3.0
1043.mp4,9,0,150,3.0
1044.mp4,87,1,120,3.0
1044.mp4,111,1,120,3.0
1044.mp4,29,1,120,3.0
1046.mp4,105,1,145,1.0
1046.mp4,14,1,145,1.0
1046.mp4,47,1,145,1.0
1047.mp4,50,0,150,3.0
1047.mp4,118,0,150,3.0
1047.mp4,25,0,150,3.0
1050.mp4,93,1,162,2.0
1050.mp4,155,1,162,2.0
1050.mp4,159,1,162,2.0
1051.mp4,127,1,138,3.0
1051.mp4,98,1,138,3.0
1051.mp4,55,1,138,3.0
1052.mp4,79,0,160,1.0
1052.mp4,51,0,160,1.0
1052.mp4,17,0,160,1.0
1053.mp4,87,0,160,0.0
1053.mp4,157,0,160,0.0
1053.mp4,154,0,160,0.0
1054.mp4,104,0,160,1.0
1054.mp4,157,0,160,1.0
1054.mp4,8,0,160,1.0
1055.mp4,125,0,160,4.0
1055.mp4,151,0,160,4.0
1055.mp4,58,0,160,4.0
1056.mp4,62,0,160,0.0
1056.mp4,117,0,160,0.0
1056.mp4,98,0,160,0.0
1058.mp4,91,0,150,2.0
1058.mp4,138,0,150,2.0
1058.mp4,65,0,150,2.0
1059.mp4,87,1,152,3.0
1059.mp4,84,1,152,3.0
1059.mp4,114,1,152,3.0
1060.mp4,159,0,160,0.0
1060.mp4,20,0,160,0.0
1060.mp4,83,0,160,0.0
1061.mp4,26,1,152,3.0
1061.mp4,139,1,152,3.0
1061.mp4,21,1,152,3.0
1064.mp4,30,1,147,1.0
1064.mp4,123,1,147,1.0
1064.mp4,59,1,147,1.0
1065.mp4,102,0,160,2.0
1065.mp4,101,0,160,2.0
1065.mp4,86,0,160,2.0
1066.mp4,73,1,152,0.0
1066.mp4,13,1,152,0.0
1066.mp4,49,1,152,0.0
1067.mp4,9,1,151,2.0
1067.mp4,130,1,151,2.0
1067.mp4,66,1,151,2.0
1068.mp4,15,1,161,0.0
1068.mp4,113,1,161,0.0
1068.mp4,19,1,161,0.0
1069.mp4,110,1,152,0.0
1069.mp4,106,1,152,0.0
1069.mp4,28,1,152,0.0
1070.mp4,118,0,160,2.0
1070.mp4,117,0,160,2.0
1070.mp4,73,0,160,2.0
1071.mp4,90,1,145,4.0
1071.mp4,47,1,145,4.0
1071.mp4,85,1,145,4.0
1072.mp4,1,1,152,2.0
1072.mp4,58,1,152,2.0
1072.mp4,108,1,152,2.0
1074.mp4,56,0,160,0.0
1074.mp4,132,0,160,0.0
1074.mp4,71,0,160,0.0
1075.mp4,24,0,150,0.0
1075.mp4,115,0,150,0.0
1075.mp4,122,0,150,0.0
1076.mp4,149,1,160,1.0
1076.mp4,40,1,160,1.0
1076.mp4,64,1,160,1.0
1077.mp4,60,1,152,3.0
1077.mp4,100,1,152,3.0
1077.mp4,133,1,152,3.0
1078.mp4,91,0,160,3.0
1078.mp4,22,0,160,3.0
1078.mp4,37,0,160,3.0
1081.mp4,1,0,160,3.0
1081.mp4,133,0,160,3.0
1081.mp4,79,0,160,3.0
1083.mp4,68,0,150,3.0
1083.mp4,6,0,150,3.0
1083.mp4,29,0,150,3.0
1086.mp4,73,0,149,4.0
1086.mp4,63,0,149,4.0
1086.mp4,6,0,149,4.0
1087.mp4,67,0,160,4.0
1087.mp4,141,0,160,4.0
1087.mp4,143,0,160,4.0
1088.mp4,3,0,150,1.0
1088.mp4,82,0,150,1.0
1088.mp4,20,0,150,1.0
1089.mp4,102,1,162,0.0
1089.mp4,57,1,162,0.0
1089.mp4,159,1,162,0.0
1090.mp4,14,0,149,1.0
1090.mp4,130,0,149,1.0
1090.mp4,36,0,149,1.0
1094.mp4,131,1,152,4.0
1094.mp4,113,1,152,4.0
1094.mp4,37,1,152,4.0
1095.mp4,62,0,160,1.0
1095.mp4,154,0,160,1.0
1095.mp4,138,0,160,1.0
1096.mp4,30,0,160,1.0
1096.mp4,77,0,160,1.0
1096.mp4,145,0,160,1.0
1097.mp4,46,0,150,3.0
1097.mp4,63,0,150,3.0
1097.mp4,35,0,150,3.0
1098.mp4,7,1,152,3.0
1098.mp4,104,1,152,3.0
1098.mp4,82,1,152,3.0
1099.mp4,38,0,160,3.0
1099.mp4,115,0,160,3.0
1099.mp4,74,0,160,3.0
1100.mp4,148,1,152,1.0
1100.mp4,38,1,152,1.0
1100.mp4,24,1,152,1.0
1101.mp4,76,0,149,3.0
1101.mp4,99,0,149,3.0
1101.mp4,12,0,149,3.0
1103.mp4,146,0,150,3.0
1103.mp4,120,0,150,3.0
1103.mp4,12,0,150,3.0
1104.mp4,17,0,160,4.0
1104.mp4,140,0,160,4.0
1104.mp4,106,0,160,4.0
1106.mp4,61,0,160,2.0
1106.mp4,2,0,160,2.0
1106.mp4,110,0,160,2.0
1108.mp4,123,0,160,3.0
1108.mp4,92,0,160,3.0
1108.mp4,84,0,160,3.0
1109.mp4,57,0,160,2.0
1109.mp4,112,0,160,2.0
1109.mp4,41,0,160,2.0
1110.mp4,5,1,152,2.0
1110.mp4,40,1,152,2.0
1110.mp4,91,1,152,2.0
1111.mp4,119,0,150,4.0
1111.mp4,56,0,150,4.0
1111.mp4,41,0,150,4.0
1112.mp4,56,0,150,4.0
1112.mp4,13,0,150,4.0
1112.mp4,22,0,150,4.0
1114.mp4,53,1,160,3.0
1114.mp4,16,1,160,3.0
1114.mp4,84,1,160,3.0
1117.mp4,130,0,150,0.0
1117.mp4,71,0,150,0.0
1117.mp4,46,0,150,0.0
1119.mp4,148,1,152,3.0
1119.mp4,70,1,152,3.0
1119.mp4,75,1,152,3.0
1120.mp4,128,1,152,0.0
1120.mp4,26,1,152,0.0
1120.mp4,43,1,152,0.0
1123.mp4,82,0,149,2.0
1123.mp4,67,0,149,2.0
1123.mp4,121,0,149,2.0
1124.mp4,150,0,160,1.0
1124.mp4,23,0,160,1.0
1124.mp4,81,0,160,1.0
1125.mp4,109,1,142,1.0
1125.mp4,50,1,142,1.0
1125.mp4,62,1,142,1.0
1126.mp4,127,0,150,1.0
1126.mp4,54,0,150,1.0
1126.mp4,15,0,150,1.0
1127.mp4,116,1,160,3.0
1127.mp4,36,1,160,3.0
1127.mp4,155,1,160,3.0
1129.mp4,42,1,150,4.0
1129.mp4,97,1,150,4.0
1129.mp4,36,1,150,4.0
1130.mp4,51,0,150,1.0
1130.mp4,114,0,150,1.0
1130.mp4,73,0,150,1.0
1131.mp4,120,0,150,0.0
1131.mp4,110,0,150,0.0
1131.mp4,138,0,150,0.0
1135.mp4,42,0,160,2.0
1135.mp4,14,0,160,2.0
1135.mp4,18,0,160,2.0
1136.mp4,29,0,126,2.0
1136.mp4,70,0,126,2.0
1136.mp4,14,0,126,2.0
1137.mp4,5,1,152,1.0
1137.mp4,129,1,152,1.0
1137.mp4,100,1,152,1.0
1138.mp4,71,0,150,0.0
1138.mp4,135,0,150,0.0
1138.mp4,26,0,150,0.0
1139.mp4,92,1,152,4.0
1139.mp4,58,1,152,4.0
1139.mp4,63,1,152,4.0
1140.mp4,92,0,160,0.0
1140.mp4,130,0,160,0.0
1140.mp4,74,0,160,0.0
1142.mp4,83,0,150,0.0
1142.mp4,111,0,150,0.0
1142.mp4,43,0,150,0.0
1145.mp4,67,0,160,1.0
1145.mp4,23,0,160,1.0
1145.mp4,38,0,160,1.0
1146.mp4,2,1,16,4.0
1146.mp4,4,1,16,4.0
1146.mp4,5,1,16,4.0
1148.mp4,62,0,119,4.0
1148.mp4,106,0,119,4.0
1148.mp4,70,0,119,4.0
1152.mp4,80,1,150,3.0
1152.mp4,9,1,150,3.0
1152.mp4,140,1,150,3.0
1153.mp4,117,0,160,4.0
1153.mp4,153,0,160,4.0
1153.mp4,112,0,160,4.0
1158.mp4,68,0,150,2.0
1158.mp4,122,0,150,2.0
1158.mp4,92,0,150,2.0
1162.mp4,55,0,150,1.0
1162.mp4,122,0,150,1.0
1162.mp4,10,0,150,1.0
1163.mp4,127,0,160,0.0
1163.mp4,111,0,160,0.0
1163.mp4,72,0,160,0.0
1164.mp4,76,0,160,2.0
1164.mp4,15,0,160,2.0
1164.mp4,80,0,160,2.0
1165.mp4,54,0,150,2.0
1165.mp4,147,0,150,2.0
1165.mp4,18,0,150,2.0
1168.mp4,99,0,150,2.0
1168.mp4,74,0,150,2.0
1168.mp4,49,0,150,2.0
1169.mp4,115,0,160,4.0
1169.mp4,141,0,160,4.0
1169.mp4,30,0,160,4.0
1170.mp4,44,0,150,3.0
1170.mp4,49,0,150,3.0
1170.mp4,124,0,150,3.0
1172.mp4,86,0,150,0.0
1172.mp4,112,0,150,0.0
1172.mp4,13,0,150,0.0
1173.mp4,58,1,152,4.0
1173.mp4,97,1,152,4.0
1173.mp4,36,1,152,4.0
1176.mp4,93,0,150,0.0
1176.mp4,46,0,150,0.0
1176.mp4,9,0,150,0.0
1179.mp4,2,1,152,0.0
1179.mp4,146,1,152,0.0
1179.mp4,141,1,152,0.0
1181.mp4,105,1,140,0.0
1181.mp4,135,1,140,0.0
1181.mp4,17,1,140,0.0
1182.mp4,108,0,160,2.0
1182.mp4,3,0,160,2.0
1182.mp4,98,0,160,2.0
1183.mp4,19,1,152,1.0
1183.mp4,34,1,152,1.0
1183.mp4,127,1,152,1.0
1184.mp4,128,0,150,0.0
1184.mp4,50,0,150,0.0
1184.mp4,0,0,150,0.0
1185.mp4,15,1,162,2.0
1185.mp4,96,1,162,2.0
1185.mp4,127,1,162,2.0
1188.mp4,103,0,160,2.0
1188.mp4,122,0,160,2.0
1188.mp4,15,0,160,2.0
1190.mp4,136,0,160,1.0
1190.mp4,58,0,160,1.0
1190.mp4,101,0,160,1.0
1191.mp4,139,1,152,1.0
1191.mp4,23,1,152,1.0
1191.mp4,112,1,152,1.0
1192.mp4,45,1,145,3.0
1192.mp4,95,1,145,3.0
1192.mp4,81,1,145,3.0
1193.mp4,80,0,160,0.0
1193.mp4,148,0,160,0.0
1193.mp4,149,0,160,0.0
1195.mp4,18,1,152,3.0
1195.mp4,136,1,152,3.0
1195.mp4,115,1,152,3.0
1198.mp4,111,0,160,2.0
1198.mp4,110,0,160,2.0
1198.mp4,118,0,160,2.0
1199.mp4,19,0,148,4.0
1199.mp4,134,0,148,4.0
1199.mp4,78,0,148,4.0
1202.mp4,125,0,160,2.0
1202.mp4,81,0,160,2.0
1202.mp4,123,0,160,2.0
1203.mp4,114,0,160,3.0
1203.mp4,35,0,160,3.0
1203.mp4,137,0,160,3.0
1204.mp4,75,0,160,1.0
1204.mp4,95,0,160,1.0
1204.mp4,142,0,160,1.0
1205.mp4,111,1,152,4.0
1205.mp4,113,1,152,4.0
1205.mp4,98,1,152,4.0
1206.mp4,144,1,147,0.0
1206.mp4,94,1,147,0.0
1206.mp4,61,1,147,0.0
1207.mp4,37,1,152,2.0
1207.mp4,55,1,152,2.0
1207.mp4,119,1,152,2.0
1209.mp4,11,1,160,4.0
1209.mp4,122,1,160,4.0
1209.mp4,118,1,160,4.0
1210.mp4,59,1,152,0.0
1210.mp4,142,1,152,0.0
1210.mp4,10,1,152,0.0
1211.mp4,45,0,160,2.0
1211.mp4,88,0,160,2.0
1211.mp4,111,0,160,2.0
1212.mp4,69,1,162,2.0
1212.mp4,77,1,162,2.0
1212.mp4,57,1,162,2.0
1213.mp4,95,0,150,3.0
1213.mp4,32,0,150,3.0
1213.mp4,111,0,150,3.0
1215.mp4,66,0,150,0.0
1215.mp4,37,0,150,0.0
1215.mp4,17,0,150,0.0
1216.mp4,54,1,150,4.0
1216.mp4,95,1,150,4.0
1216.mp4,16,1,150,4.0
1218.mp4,152,0,160,1.0
1218.mp4,4,0,160,1.0
1218.mp4,26,0,160,1.0
1219.mp4,3,0,160,4.0
1219.mp4,64,0,160,4.0
1219.mp4,107,0,160,4.0
1221.mp4,68,1,152,3.0
1221.mp4,2,1,152,3.0
1221.mp4,87,1,152,3.0
1222.mp4,47,1,152,0.0
1222.mp4,17,1,152,0.0
1222.mp4,69,1,152,0.0
1225.mp4,91,0,126,1.0
1225.mp4,56,0,126,1.0
1225.mp4,42,0,126,1.0
1228.mp4,127,1,152,4.0
1228.mp4,71,1,152,4.0
1228.mp4,19,1,152,4.0
1229.mp4,48,0,151,0.0
1229.mp4,133,0,151,0.0
1229.mp4,4,0,151,0.0
1230.mp4,91,1,152,1.0
1230.mp4,38,1,152,1.0
1230.mp4,36,1,152,1.0
1231.mp4,130,1,152,1.0
1231.mp4,134,1,152,1.0
1231.mp4,28,1,152,1.0
1232.mp4,44,0,150,2.0
1232.mp4,100,0,150,2.0
1232.mp4,30,0,150,2.0
1233.mp4,35,0,150,4.0
1233.mp4,92,0,150,4.0
1233.mp4,132,0,150,4.0
1234.mp4,51,1,152,3.0
1234.mp4,38,1,152,3.0
1234.mp4,19,1,152,3.0
1235.mp4,83,0,160,2.0
1235.mp4,81,0,160,2.0
1235.mp4,66,0,160,2.0
1236.mp4,89,1,126,2.0
1236.mp4,107,1,126,2.0
1236.mp4,25,1,126,2.0
1237.mp4,130,1,150,3.0
1237.mp4,23,1,150,3.0
1237.mp4,149,1,150,3.0
1240.mp4,75,1,147,0.0
1240.mp4,61,1,147,0.0
1240.mp4,15,1,147,0.0
1241.mp4,53,0,150,4.0
1241.mp4,12,0,150,4.0
1241.mp4,129,0,150,4.0
1242.mp4,62,1,152,1.0
1242.mp4,128,1,152,1.0
1242.mp4,1,1,152,1.0
1244.mp4,35,0,160,4.0
1244.mp4,22,0,160,4.0
1244.mp4,110,0,160,4.0
1245.mp4,79,1,145,0.0
1245.mp4,19,1,145,0.0
1245.mp4,103,1,145,0.0
1248.mp4,147,1,152,3.0
1248.mp4,99,1,152,3.0
1248.mp4,10,1,152,3.0
1250.mp4,12,0,160,2.0
1250.mp4,46,0,160,2.0
1250.mp4,129,0,160,2.0
1251.mp4,147,1,152,2.0
1251.mp4,30,1,152,2.0
1251.mp4,12,1,152,2.0
1252.mp4,46,1,150,2.0
1252.mp4,21,1,150,2.0
1252.mp4,20,1,150,2.0
1254.mp4,132,0,150,4.0
1254.mp4,134,0,150,4.0
1254.mp4,133,0,150,4.0
1256.mp4,71,0,160,4.0
1256.mp4,117,0,160,4.0
1256.mp4,108,0,160,4.0
1260.mp4,25,1,152,4.0
1260.mp4,11,1,152,4.0
1260.mp4,95,1,152,4.0
1267.mp4,16,0,150,1.0
1267.mp4,114,0,150,1.0
1267.mp4,35,0,150,1.0
1269.mp4,108,1,152,3.0
1269.mp4,142,1,152,3.0
1269.mp4,70,1,152,3.0
1270.mp4,155,0,160,0.0
1270.mp4,107,0,160,0.0
1270.mp4,149,0,160,0.0
1274.mp4,116,0,150,3.0
1274.mp4,55,0,150,3.0
1274.mp4,75,0,150,3.0
1279.mp4,157,0,160,3.0
1279.mp4,107,0,160,3.0
1279.mp4,9,0,160,3.0
1280.mp4,22,1,152,2.0
1280.mp4,28,1,152,2.0
1280.mp4,114,1,152,2.0
1281.mp4,135,1,152,2.0
1281.mp4,140,1,152,2.0
1281.mp4,96,1,152,2.0
1283.mp4,76,1,152,1.0
1283.mp4,49,1,152,1.0
1283.mp4,138,1,152,1.0
1285.mp4,27,1,150,3.0
1285.mp4,61,1,150,3.0
1285.mp4,126,1,150,3.0
1286.mp4,92,0,150,3.0
1286.mp4,117,0,150,3.0
1286.mp4,144,0,150,3.0
1288.mp4,63,1,115,1.0
1288.mp4,107,1,115,1.0
1288.mp4,88,1,115,1.0
1290.mp4,96,1,152,4.0
1290.mp4,16,1,152,4.0
1290.mp4,136,1,152,4.0
1292.mp4,144,1,145,1.0
1292.mp4,90,1,145,1.0
1292.mp4,52,1,145,1.0
1293.mp4,132,1,152,3.0
1293.mp4,140,1,152,3.0
1293.mp4,137,1,152,3.0
1296.mp4,84,1,152,4.0
1296.mp4,0,1,152,4.0
1296.mp4,94,1,152,4.0
1297.mp4,0,0,149,2.0
1297.mp4,25,0,149,2.0
1297.mp4,121,0,149,2.0
1300.mp4,19,0,128,3.0
1300.mp4,90,0,128,3.0
1300.mp4,30,0,128,3.0
1302.mp4,114,0,160,3.0
1302.mp4,45,0,160,3.0
1302.mp4,90,0,160,3.0
1303.mp4,89,0,160,4.0
1303.mp4,139,0,160,4.0
1303.mp4,82,0,160,4.0
1304.mp4,150,1,152,1.0
1304.mp4,123,1,152,1.0
1304.mp4,111,1,152,1.0
1306.mp4,75,0,150,2.0
1306.mp4,32,0,150,2.0
1306.mp4,48,0,150,2.0
1307.mp4,93,0,150,4.0
1307.mp4,36,0,150,4.0
1307.mp4,111,0,150,4.0
1308.mp4,118,1,150,4.0
1308.mp4,76,1,150,4.0
1308.mp4,129,1,150,4.0
1309.mp4,71,1,152,2.0
1309.mp4,76,1,152,2.0
1309.mp4,14,1,152,2.0
1313.mp4,56,1,152,2.0
1313.mp4,81,1,152,2.0
1313.mp4,23,1,152,2.0
1314.mp4,33,0,150,2.0
1314.mp4,112,0,150,2.0
1314.mp4,103,0,150,2.0
1315.mp4,109,1,152,1.0
1315.mp4,112,1,152,1.0
1315.mp4,97,1,152,1.0
1317.mp4,32,0,148,1.0
1317.mp4,4,0,148,1.0
1317.mp4,108,0,148,1.0
1318.mp4,13,0,150,1.0
1318.mp4,57,0,150,1.0
1318.mp4,95,0,150,1.0
1319.mp4,32,0,150,2.0
1319.mp4,73,0,150,2.0
1319.mp4,131,0,150,2.0
1322.mp4,20,1,152,0.0
1322.mp4,67,1,152,0.0
1322.mp4,50,1,152,0.0
1323.mp4,141,0,150,2.0
1323.mp4,137,0,150,2.0
1323.mp4,27,0,150,2.0
1324.mp4,117,0,150,0.0
1324.mp4,109,0,150,0.0
1324.mp4,97,0,150,0.0
1325.mp4,27,0,160,3.0
1325.mp4,69,0,160,3.0
1325.mp4,125,0,160,3.0
1326.mp4,13,1,150,4.0
1326.mp4,59,1,150,4.0
1326.mp4,65,1,150,4.0
1329.mp4,83,0,150,4.0
1329.mp4,19,0,150,4.0
1329.mp4,121,0,150,4.0
1330.mp4,39,0,150,4.0
1330.mp4,62,0,150,4.0
1330.mp4,109,0,150,4.0
1331.mp4,22,0,160,3.0
1331.mp4,40,0,160,3.0
1331.mp4,6,0,160,3.0
1333.mp4,111,0,149,4.0
1333.mp4,81,0,149,4.0
1333.mp4,80,0,149,4.0
1336.mp4,114,1,152,3.0
1336.mp4,78,1,152,3.0
1336.mp4,53,1,152,3.0
1337.mp4,79,0,150,0.0
1337.mp4,3,0,150,0.0
1337.mp4,103,0,150,0.0
1339.mp4,18,0,150,0.0
1339.mp4,146,0,150,0.0
1339.mp4,59,0,150,0.0
1341.mp4,50,0,160,2.0
1341.mp4,86,0,160,2.0
1341.mp4,91,0,160,2.0
1342.mp4,3,1,152,1.0
1342.mp4,59,1,152,1.0
1342.mp4,126,1,152,1.0
1343.mp4,14,1,151,2.0
1343.mp4,145,1,151,2.0
1343.mp4,59,1,151,2.0
1344.mp4,144,1,152,4.0
1344.mp4,69,1,152,4.0
1344.mp4,49,1,152,4.0
1345.mp4,101,1,152,2.0
1345.mp4,139,1,152,2.0
1345.mp4,26,1,152,2.0
1347.mp4,103,0,160,1.0
1347.mp4,128,0,160,1.0
1347.mp4,81,0,160,1.0
1350.mp4,74,0,160,4.0
1350.mp4,153,0,160,4.0
1350.mp4,70,0,160,4.0
1351.mp4,80,1,162,2.0
1351.mp4,131,1,162,2.0
1351.mp4,16,1,162,2.0
1352.mp4,144,0,160,0.0
1352.mp4,154,0,160,0.0
1352.mp4,147,0,160,0.0
1353.mp4,11,1,152,3.0
1353.mp4,113,1,152,3.0
1353.mp4,81,1,152,3.0
1354.mp4,103,0,150,3.0
1354.mp4,81,0,150,3.0
1354.mp4,75,0,150,3.0
1356.mp4,16,1,152,0.0
1356.mp4,148,1,152,0.0
1356.mp4,28,1,152,0.0
1360.mp4,147,1,152,1.0
1360.mp4,68,1,152,1.0
1360.mp4,117,1,152,1.0
1361.mp4,86,0,160,4.0
1361.mp4,13,0,160,4.0
1361.mp4,99,0,160,4.0
1364.mp4,10,0,150,4.0
1364.mp4,147,0,150,4.0
1364.mp4,12,0,150,4.0
1365.mp4,5,0,160,3.0
1365.mp4,39,0,160,3.0
1365.mp4,105,0,160,3.0
1366.mp4,117,1,152,0.0
1366.mp4,25,1,152,0.0
1366.mp4,115,1,152,0.0
1367.mp4,124,0,160,0.0
1367.mp4,137,0,160,0.0
1367.mp4,96,0,160,0.0
1368.mp4,147,0,160,2.0
1368.mp4,75,0,160,2.0
1368.mp4,77,0,160,2.0
1370.mp4,23,1,152,4.0
1370.mp4,74,1,152,4.0
1370.mp4,136,1,152,4.0
1371.mp4,41,0,160,1.0
1371.mp4,22,0,160,1.0
1371.mp4,106,0,160,1.0
1372.mp4,9,0,150,4.0
1372.mp4,0,0,150,4.0
1372.mp4,46,0,150,4.0
1373.mp4,152,0,160,1.0
1373.mp4,79,0,160,1.0
1373.mp4,100,0,160,1.0
1375.mp4,49,0,160,0.0
1375.mp4,71,0,160,0.0
1375.mp4,77,0,160,0.0
1377.mp4,113,0,126,2.0
1377.mp4,5,0,126,2.0
1377.mp4,29,0,126,2.0
1378.mp4,10,0,160,2.0
1378.mp4,113,0,160,2.0
1378.mp4,45,0,160,2.0
1380.mp4,133,0,150,4.0
1380.mp4,64,0,150,4.0
1380.mp4,34,0,150,4.0
1383.mp4,96,1,152,3.0
1383.mp4,43,1,152,3.0
1383.mp4,56,1,152,3.0
1384.mp4,125,1,152,4.0
1384.mp4,73,1,152,4.0
1384.mp4,35,1,152,4.0
1388.mp4,38,1,147,4.0
1388.mp4,96,1,147,4.0
1388.mp4,24,1,147,4.0
1390.mp4,5,0,160,2.0
1390.mp4,132,0,160,2.0
1390.mp4,143,0,160,2.0
1395.mp4,155,0,160,3.0
1395.mp4,138,0,160,3.0
1395.mp4,17,0,160,3.0
1400.mp4,33,1,160,2.0
1400.mp4,56,1,160,2.0
1400.mp4,151,1,160,2.0
1401.mp4,100,1,150,2.0
1401.mp4,131,1,150,2.0
1401.mp4,53,1,150,2.0
1403.mp4,146,1,150,4.0
1403.mp4,136,1,150,4.0
1403.mp4,135,1,150,4.0
1404.mp4,59,1,152,2.0
1404.mp4,132,1,152,2.0
1404.mp4,77,1,152,2.0
1409.mp4,37,1,152,3.0
1409.mp4,22,1,152,3.0
1409.mp4,48,1,152,3.0
1410.mp4,107,1,162,1.0
1410.mp4,145,1,162,1.0
1410.mp4,23,1,162,1.0
1411.mp4,42,1,150,1.0
1411.mp4,102,1,150,1.0
1411.mp4,64,1,150,1.0
1412.mp4,26,1,150,0.0
1412.mp4,21,1,150,0.0
1412.mp4,146,1,150,0.0
1413.mp4,27,1,150,4.0
1413.mp4,130,1,150,4.0
1413.mp4,75,1,150,4.0
1415.mp4,88,0,150,4.0
1415.mp4,125,0,150,4.0
1415.mp4,39,0,150,4.0
1416.mp4,67,1,152,0.0
1416.mp4,86,1,152,0.0
1416.mp4,128,1,152,0.0
1417.mp4,40,1,152,4.0
1417.mp4,75,1,152,4.0
1417.mp4,134,1,152,4.0
1418.mp4,38,0,150,4.0
1418.mp4,133,0,150,4.0
1418.mp4,79,0,150,4.0
1419.mp4,26,1,151,3.0
1419.mp4,150,1,151,3.0
1419.mp4,89,1,151,3.0
1420.mp4,11,1,121,4.0
1420.mp4,66,1,121,4.0
1420.mp4,53,1,121,4.0
1422.mp4,120,1,152,0.0
1422.mp4,15,1,152,0.0
1422.mp4,14,1,152,0.0
1424.mp4,111,0,160,4.0
1424.mp4,12,0,160,4.0
1424.mp4,58,0,160,4.0
1425.mp4,41,0,160,3.0
1425.mp4,139,0,160,3.0
1425.mp4,156,0,160,3.0
1427.mp4,128,1,147,4.0
1427.mp4,95,1,147,4.0
1427.mp4,61,1,147,4.0
1428.mp4,109,0,149,1.0
1428.mp4,14,0,149,1.0
1428.mp4,51,0,149,1.0
1431.mp4,71,1,138,3.0
1431.mp4,131,1,138,3.0
1431.mp4,32,1,138,3.0
1432.mp4,64,0,160,0.0
1432.mp4,125,0,160,0.0
1432.mp4,14,0,160,0.0
1433.mp4,7,1,152,2.0
1433.mp4,84,1,152,2.0
1433.mp4,97,1,152,2.0
1434.mp4,53,1,152,2.0
1434.mp4,21,1,152,2.0
1434.mp4,32,1,152,2.0
1435.mp4,19,1,152,1.0
1435.mp4,30,1,152,1.0
1435.mp4,140,1,152,1.0
1436.mp4,93,1,162,3.0
1436.mp4,157,1,162,3.0
1436.mp4,103,1,162,3.0
1437.mp4,7,1,161,4.0
1437.mp4,151,1,161,4.0
1437.mp4,26,1,161,4.0
1438.mp4,144,0,160,3.0
1438.mp4,136,0,160,3.0
1438.mp4,77,0,160,3.0
1441.mp4,84,0,150,3.0
1441.mp4,77,0,150,3.0
1441.mp4,135,0,150,3.0
1443.mp4,44,1,162,2.0
1443.mp4,157,1,162,2.0
1443.mp4,79,1,162,2.0
1445.mp4,49,1,150,2.0
1445.mp4,123,1,150,2.0
1445.mp4,89,1,150,2.0
1446.mp4,12,0,160,0.0
1446.mp4,81,0,160,0.0
1446.mp4,94,0,160,0.0
1448.mp4,279,1,295,1.0
1448.mp4,184,1,295,1.0
1448.mp4,182,1,295,1.0
1449.mp4,43,0,148,1.0
1449.mp4,142,0,148,1.0
1449.mp4,3,0,148,1.0
1450.mp4,107,0,160,0.0
1450.mp4,94,0,160,0.0
1450.mp4,35,0,160,0.0
1452.mp4,137,0,150,4.0
1452.mp4,123,0,150,4.0
1452.mp4,135,0,150,4.0
1453.mp4,148,0,150,3.0
1453.mp4,30,0,150,3.0
1453.mp4,47,0,150,3.0
1454.mp4,108,1,162,2.0
1454.mp4,80,1,162,2.0
1454.mp4,44,1,162,2.0
1456.mp4,74,1,152,4.0
1456.mp4,104,1,152,4.0
1456.mp4,106,1,152,4.0
1459.mp4,7,0,160,3.0
1459.mp4,75,0,160,3.0
1459.mp4,32,0,160,3.0
1460.mp4,55,0,160,1.0
1460.mp4,95,0,160,1.0
1460.mp4,123,0,160,1.0
1463.mp4,109,0,151,4.0
1463.mp4,9,0,151,4.0
1463.mp4,70,0,151,4.0
1465.mp4,134,0,150,2.0
1465.mp4,38,0,150,2.0
1465.mp4,101,0,150,2.0
1467.mp4,22,0,160,3.0
1467.mp4,134,0,160,3.0
1467.mp4,45,0,160,3.0
1468.mp4,85,1,150,3.0
1468.mp4,88,1,150,3.0
1468.mp4,73,1,150,3.0
1469.mp4,70,0,160,4.0
1469.mp4,50,0,160,4.0
1469.mp4,3,0,160,4.0
1472.mp4,114,1,152,0.0
1472.mp4,41,1,152,0.0
1472.mp4,13,1,152,0.0
1473.mp4,64,0,160,3.0
1473.mp4,31,0,160,3.0
1473.mp4,53,0,160,3.0
1475.mp4,34,1,152,2.0
1475.mp4,20,1,152,2.0
1475.mp4,22,1,152,2.0
1476.mp4,137,1,152,2.0
1476.mp4,108,1,152,2.0
1476.mp4,41,1,152,2.0
1477.mp4,68,1,152,1.0
1477.mp4,52,1,152,1.0
1477.mp4,19,1,152,1.0
1478.mp4,36,0,150,4.0
1478.mp4,54,0,150,4.0
1478.mp4,14,0,150,4.0
1479.mp4,68,0,160,1.0
1479.mp4,1,0,160,1.0
1479.mp4,14,0,160,1.0
1480.mp4,132,1,152,1.0
1480.mp4,97,1,152,1.0
1480.mp4,119,1,152,1.0
1482.mp4,14,1,160,1.0
1482.mp4,139,1,160,1.0
1482.mp4,29,1,160,1.0
1483.mp4,159,0,160,0.0
1483.mp4,147,0,160,0.0
1483.mp4,61,0,160,0.0
1484.mp4,116,0,126,3.0
1484.mp4,87,0,126,3.0
1484.mp4,39,0,126,3.0
1485.mp4,10,1,152,0.0
1485.mp4,103,1,152,0.0
1485.mp4,88,1,152,0.0
1487.mp4,122,0,150,4.0
1487.mp4,10,0,150,4.0
1487.mp4,117,0,150,4.0
1489.mp4,43,1,150,3.0
1489.mp4,134,1,150,3.0
1489.mp4,103,1,150,3.0
1490.mp4,116,1,152,1.0
1490.mp4,14,1,152,1.0
1490.mp4,28,1,152,1.0
1492.mp4,23,1,152,3.0
1492.mp4,46,1,152,3.0
1492.mp4,121,1,152,3.0
1494.mp4,24,0,160,3.0
1494.mp4,91,0,160,3.0
1494.mp4,50,0,160,3.0
1497.mp4,58,1,160,3.0
1497.mp4,93,1,160,3.0
1497.mp4,57,1,160,3.0
1498.mp4,37,0,150,0.0
1498.mp4,83,0,150,0.0
1498.mp4,95,0,150,0.0
1500.mp4,60,0,160,4.0
1500.mp4,103,0,160,4.0
1500.mp4,100,0,160,4.0
1501.mp4,64,1,125,0.0
1501.mp4,82,1,125,0.0
1501.mp4,97,1,125,0.0
1503.mp4,75,0,150,2.0
1503.mp4,51,0,150,2.0
1503.mp4,122,0,150,2.0
1504.mp4,11,0,150,2.0
1504.mp4,7,0,150,2.0
1504.mp4,43,0,150,2.0
1507.mp4,58,1,152,2.0
1507.mp4,46,1,152,2.0
1507.mp4,1,1,152,2.0
1508.mp4,115,0,160,0.0
1508.mp4,151,0,160,0.0
1508.mp4,0,0,160,0.0
1509.mp4,102,1,152,1.0
1509.mp4,76,1,152,1.0
1509.mp4,49,1,152,1.0
1510.mp4,151,0,160,2.0
1510.mp4,47,0,160,2.0
1510.mp4,110,0,160,2.0
1513.mp4,133,1,162,3.0
1513.mp4,2,1,162,3.0
1513.mp4,128,1,162,3.0
1515.mp4,0,1,150,4.0
1515.mp4,78,1,150,4.0
1515.mp4,89,1,150,4.0
1516.mp4,1,1,149,4.0
1516.mp4,101,1,149,4.0
1516.mp4,28,1,149,4.0
1518.mp4,53,1,145,0.0
1518.mp4,3,1,145,0.0
1518.mp4,86,1,145,0.0
1520.mp4,43,1,152,1.0
1520.mp4,66,1,152,1.0
1520.mp4,135,1,152,1.0
1521.mp4,75,1,151,1.0
1521.mp4,3,1,151,1.0
1521.mp4,137,1,151,1.0
1522.mp4,109,1,150,3.0
1522.mp4,74,1,150,3.0
1522.mp4,136,1,150,3.0
1523.mp4,36,1,73,2.0
1523.mp4,69,1,73,2.0
1523.mp4,24,1,73,2.0
1524.mp4,45,1,162,2.0
1524.mp4,146,1,162,2.0
1524.mp4,17,1,162,2.0
1526.mp4,94,0,151,2.0
1526.mp4,60,0,151,2.0
1526.mp4,29,0,151,2.0
1529.mp4,112,0,150,0.0
1529.mp4,135,0,150,0.0
1529.mp4,118,0,150,0.0
1531.mp4,11,1,152,2.0
1531.mp4,95,1,152,2.0
1531.mp4,99,1,152,2.0
1532.mp4,150,0,160,2.0
1532.mp4,51,0,160,2.0
1532.mp4,104,0,160,2.0
1533.mp4,114,1,160,1.0
1533.mp4,87,1,160,1.0
1533.mp4,111,1,160,1.0
1534.mp4,90,0,150,0.0
1534.mp4,33,0,150,0.0
1534.mp4,30,0,150,0.0
1535.mp4,114,0,150,2.0
1535.mp4,20,0,150,2.0
1535.mp4,64,0,150,2.0
1539.mp4,121,1,126,3.0
1539.mp4,90,1,126,3.0
1539.mp4,15,1,126,3.0
1540.mp4,75,1,152,1.0
1540.mp4,126,1,152,1.0
1540.mp4,45,1,152,1.0
1541.mp4,39,1,152,2.0
1541.mp4,24,1,152,2.0
1541.mp4,85,1,152,2.0
1543.mp4,3,1,152,2.0
1543.mp4,64,1,152,2.0
1543.mp4,44,1,152,2.0
1546.mp4,98,0,150,0.0
1546.mp4,70,0,150,0.0
1546.mp4,92,0,150,0.0
1547.mp4,9,0,148,4.0
1547.mp4,104,0,148,4.0
1547.mp4,76,0,148,4.0
1549.mp4,61,0,160,4.0
1549.mp4,40,0,160,4.0
1549.mp4,20,0,160,4.0
1551.mp4,47,0,160,0.0
1551.mp4,18,0,160,0.0
1551.mp4,146,0,160,0.0
1552.mp4,146,0,160,4.0
1552.mp4,88,0,160,4.0
1552.mp4,132,0,160,4.0
1553.mp4,49,1,80,4.0
1553.mp4,23,1,80,4.0
1553.mp4,45,1,80,4.0
1554.mp4,86,1,147,1.0
1554.mp4,125,1,147,1.0
1554.mp4,69,1,147,1.0
1555.mp4,21,1,160,3.0
1555.mp4,120,1,160,3.0
1555.mp4,121,1,160,3.0
1556.mp4,98,0,150,0.0
1556.mp4,28,0,150,0.0
1556.mp4,102,0,150,0.0
1557.mp4,138,1,150,4.0
1557.mp4,82,1,150,4.0
1557.mp4,122,1,150,4.0
1559.mp4,91,0,150,2.0
1559.mp4,6,0,150,2.0
1559.mp4,78,0,150,2.0
1562.mp4,139,1,152,1.0
1562.mp4,13,1,152,1.0
1562.mp4,135,1,152,1.0
1565.mp4,72,1,152,2.0
1565.mp4,1,1,152,2.0
1565.mp4,78,1,152,2.0
1567.mp4,120,0,150,1.0
1567.mp4,35,0,150,1.0
1567.mp4,81,0,150,1.0
1568.mp4,149,0,150,3.0
1568.mp4,33,0,150,3.0
1568.mp4,7,0,150,3.0
1569.mp4,1,1,152,3.0
1569.mp4,56,1,152,3.0
1569.mp4,114,1,152,3.0
1570.mp4,160,1,162,2.0
1570.mp4,2,1,162,2.0
1570.mp4,92,1,162,2.0
1572.mp4,10,0,160,0.0
1572.mp4,125,0,160,0.0
1572.mp4,53,0,160,0.0
1573.mp4,10,0,160,0.0
1573.mp4,30,0,160,0.0
1573.mp4,147,0,160,0.0
1574.mp4,98,1,152,0.0
1574.mp4,36,1,152,0.0
1574.mp4,70,1,152,0.0
1576.mp4,3,0,150,3.0
1576.mp4,111,0,150,3.0
1576.mp4,28,0,150,3.0
1577.mp4,103,1,152,0.0
1577.mp4,117,1,152,0.0
1577.mp4,123,1,152,0.0
1578.mp4,144,0,150,1.0
1578.mp4,97,0,150,1.0
1578.mp4,56,0,150,1.0
1580.mp4,102,0,150,4.0
1580.mp4,9,0,150,4.0
1580.mp4,72,0,150,4.0
1581.mp4,92,1,152,1.0
1581.mp4,10,1,152,1.0
1581.mp4,82,1,152,1.0
1583.mp4,119,1,152,1.0
1583.mp4,101,1,152,1.0
1583.mp4,13,1,152,1.0
1584.mp4,21,1,162,1.0
1584.mp4,53,1,162,1.0
1584.mp4,24,1,162,1.0
1585.mp4,22,1,152,4.0
1585.mp4,102,1,152,4.0
1585.mp4,146,1,152,4.0
1588.mp4,93,0,160,1.0
1588.mp4,113,0,160,1.0
1588.mp4,124,0,160,1.0
1591.mp4,117,1,150,1.0
1591.mp4,105,1,150,1.0
1591.mp4,100,1,150,1.0
1592.mp4,144,0,150,1.0
1592.mp4,129,0,150,1.0
1592.mp4,67,0,150,1.0
1594.mp4,148,1,152,2.0
1594.mp4,43,1,152,2.0
1594.mp4,135,1,152,2.0
1596.mp4,77,1,150,3.0
1596.mp4,16,1,150,3.0
1596.mp4,98,1,150,3.0
1597.mp4,84,0,160,3.0
1597.mp4,87,0,160,3.0
1597.mp4,129,0,160,3.0
1599.mp4,40,0,160,4.0
1599.mp4,55,0,160,4.0
1599.mp4,50,0,160,4.0
1602.mp4,86,1,150,1.0
1602.mp4,129,1,150,1.0
1602.mp4,3,1,150,1.0
1603.mp4,69,1,160,0.0
1603.mp4,43,1,160,0.0
1603.mp4,23,1,160,0.0
1604.mp4,21,1,152,0.0
1604.mp4,64,1,152,0.0
1604.mp4,38,1,152,0.0
1605.mp4,89,1,152,2.0
1605.mp4,138,1,152,2.0
1605.mp4,115,1,152,2.0
1606.mp4,148,1,160,1.0
1606.mp4,28,1,160,1.0
1606.mp4,33,1,160,1.0
1607.mp4,80,0,160,4.0
1607.mp4,62,0,160,4.0
1607.mp4,49,0,160,4.0
1608.mp4,9,1,162,1.0
1608.mp4,142,1,162,1.0
1608.mp4,115,1,162,1.0
1609.mp4,24,1,150,3.0
1609.mp4,32,1,150,3.0
1609.mp4,142,1,150,3.0
1610.mp4,120,1,162,1.0
1610.mp4,112,1,162,1.0
1610.mp4,127,1,162,1.0
1611.mp4,107,1,152,0.0
1611.mp4,7,1,152,0.0
1611.mp4,121,1,152,0.0
1612.mp4,95,1,160,3.0
1612.mp4,104,1,160,3.0
1612.mp4,146,1,160,3.0
1614.mp4,3,1,152,2.0
1614.mp4,136,1,152,2.0
1614.mp4,29,1,152,2.0
1617.mp4,10,1,150,1.0
1617.mp4,90,1,150,1.0
1617.mp4,44,1,150,1.0
1619.mp4,120,0,150,1.0
1619.mp4,81,0,150,1.0
1619.mp4,2,0,150,1.0
1620.mp4,12,0,160,2.0
1620.mp4,104,0,160,2.0
1620.mp4,98,0,160,2.0
1621.mp4,16,1,152,2.0
1621.mp4,2,1,152,2.0
1621.mp4,98,1,152,2.0
1622.mp4,40,1,122,4.0
1622.mp4,88,1,122,4.0
1622.mp4,87,1,122,4.0
1623.mp4,28,0,160,0.0
1623.mp4,94,0,160,0.0
1623.mp4,90,0,160,0.0
1624.mp4,141,1,150,4.0
1624.mp4,135,1,150,4.0
1624.mp4,140,1,150,4.0
1626.mp4,70,0,148,3.0
1626.mp4,3,0,148,3.0
1626.mp4,114,0,148,3.0
1627.mp4,85,1,152,3.0
1627.mp4,71,1,152,3.0
1627.mp4,123,1,152,3.0
1629.mp4,6,0,160,1.0
1629.mp4,50,0,160,1.0
1629.mp4,159,0,160,1.0
1633.mp4,19,1,152,0.0
1633.mp4,45,1,152,0.0
1633.mp4,70,1,152,0.0
1635.mp4,138,0,160,1.0
1635.mp4,56,0,160,1.0
1635.mp4,96,0,160,1.0
1636.mp4,145,1,161,4.0
1636.mp4,33,1,161,4.0
1636.mp4,70,1,161,4.0
1637.mp4,111,0,150,2.0
1637.mp4,66,0,150,2.0
1637.mp4,47,0,150,2.0
1639.mp4,140,1,152,3.0
1639.mp4,41,1,152,3.0
1639.mp4,47,1,152,3.0
1640.mp4,18,0,150,1.0
1640.mp4,135,0,150,1.0
1640.mp4,33,0,150,1.0
1641.mp4,147,0,160,3.0
1641.mp4,18,0,160,3.0
1641.mp4,122,0,160,3.0
1642.mp4,78,1,152,3.0
1642.mp4,43,1,152,3.0
1642.mp4,20,1,152,3.0
1644.mp4,104,1,152,0.0
1644.mp4,121,1,152,0.0
1644.mp4,21,1,152,0.0
1645.mp4,140,0,150,0.0
1645.mp4,121,0,150,0.0
1645.mp4,36,0,150,0.0
1646.mp4,23,0,149,4.0
1646.mp4,14,0,149,4.0
1646.mp4,93,0,149,4.0
1649.mp4,145,1,162,4.0
1649.mp4,144,1,162,4.0
1649.mp4,29,1,162,4.0
1650.mp4,4,0,150,4.0
1650.mp4,26,0,150,4.0
1650.mp4,148,0,150,4.0
1652.mp4,67,0,160,1.0
1652.mp4,81,0,160,1.0
1652.mp4,39,0,160,1.0
1653.mp4,57,0,160,3.0
1653.mp4,52,0,160,3.0
1653.mp4,122,0,160,3.0
1654.mp4,124,0,150,0.0
1654.mp4,120,0,150,0.0
1654.mp4,65,0,150,0.0
1655.mp4,61,0,150,3.0
1655.mp4,97,0,150,3.0
1655.mp4,65,0,150,3.0
1657.mp4,22,0,126,1.0
1657.mp4,111,0,126,1.0
1657.mp4,8,0,126,1.0
1658.mp4,38,1,152,0.0
1658.mp4,31,1,152,0.0
1658.mp4,146,1,152,0.0
1659.mp4,68,1,145,2.0
1659.mp4,87,1,145,2.0
1659.mp4,62,1,145,2.0
1660.mp4,106,1,152,4.0
1660.mp4,69,1,152,4.0
1660.mp4,71,1,152,4.0
1661.mp4,92,1,162,0.0
1661.mp4,101,1,162,0.0
1661.mp4,66,1,162,0.0
1663.mp4,38,1,152,0.0
1663.mp4,37,1,152,0.0
1663.mp4,114,1,152,0.0
1664.mp4,57,1,160,2.0
1664.mp4,49,1,160,2.0
1664.mp4,62,1,160,2.0
1665.mp4,45,0,150,0.0
1665.mp4,58,0,150,0.0
1665.mp4,100,0,150,0.0
1666.mp4,115,1,152,1.0
1666.mp4,52,1,152,1.0
1666.mp4,121,1,152,1.0
1667.mp4,116,0,148,2.0
1667.mp4,10,0,148,2.0
1667.mp4,43,0,148,2.0
1668.mp4,11,1,152,3.0
1668.mp4,148,1,152,3.0
1668.mp4,132,1,152,3.0
1669.mp4,4,1,22,3.0
1669.mp4,12,1,22,3.0
1669.mp4,2,1,22,3.0
1670.mp4,85,1,150,0.0
1670.mp4,8,1,150,0.0
1670.mp4,5,1,150,0.0
1671.mp4,139,0,150,2.0
1671.mp4,41,0,150,2.0
1671.mp4,135,0,150,2.0
1672.mp4,3,1,152,4.0
1672.mp4,130,1,152,4.0
1672.mp4,134,1,152,4.0
1679.mp4,134,0,160,1.0
1679.mp4,105,0,160,1.0
1679.mp4,4,0,160,1.0
1680.mp4,133,0,148,0.0
1680.mp4,73,0,148,0.0
1680.mp4,18,0,148,0.0
1681.mp4,34,1,152,1.0
1681.mp4,136,1,152,1.0
1681.mp4,128,1,152,1.0
1683.mp4,72,1,150,2.0
1683.mp4,38,1,150,2.0
1683.mp4,13,1,150,2.0
1684.mp4,121,1,152,0.0
1684.mp4,144,1,152,0.0
1684.mp4,104,1,152,0.0
1687.mp4,56,1,152,2.0
1687.mp4,42,1,152,2.0
1687.mp4,31,1,152,2.0
1688.mp4,7,1,152,3.0
1688.mp4,17,1,152,3.0
1688.mp4,148,1,152,3.0
1689.mp4,83,0,150,3.0
1689.mp4,95,0,150,3.0
1689.mp4,8,0,150,3.0
1690.mp4,38,0,160,4.0
1690.mp4,68,0,160,4.0
1690.mp4,154,0,160,4.0
1693.mp4,15,0,160,4.0
1693.mp4,94,0,160,4.0
1693.mp4,100,0,160,4.0
1694.mp4,101,0,160,2.0
1694.mp4,77,0,160,2.0
1694.mp4,48,0,160,2.0
1695.mp4,101,1,160,3.0
1695.mp4,76,1,160,3.0
1695.mp4,132,1,160,3.0
1696.mp4,2,0,160,4.0
1696.mp4,138,0,160,4.0
1696.mp4,9,0,160,4.0
1697.mp4,126,1,150,4.0
1697.mp4,70,1,150,4.0
1697.mp4,111,1,150,4.0
1698.mp4,139,0,150,0.0
1698.mp4,57,0,150,0.0
1698.mp4,14,0,150,0.0
1699.mp4,19,0,160,3.0
1699.mp4,59,0,160,3.0
1699.mp4,151,0,160,3.0
1701.mp4,104,0,149,0.0
1701.mp4,50,0,149,0.0
1701.mp4,54,0,149,0.0
1702.mp4,47,0,149,2.0
1702.mp4,147,0,149,2.0
1702.mp4,106,0,149,2.0
1703.mp4,76,0,160,0.0
1703.mp4,155,0,160,0.0
1703.mp4,82,0,160,0.0
1704.mp4,22,0,160,0.0
1704.mp4,74,0,160,0.0
1704.mp4,143,0,160,0.0
1705.mp4,83,0,126,2.0
1705.mp4,98,0,126,2.0
1705.mp4,4,0,126,2.0
1706.mp4,58,0,150,1.0
1706.mp4,149,0,150,1.0
1706.mp4,79,0,150,1.0
1707.mp4,23,0,160,4.0
1707.mp4,150,0,160,4.0
1707.mp4,14,0,160,4.0
1712.mp4,10,1,152,3.0
1712.mp4,100,1,152,3.0
1712.mp4,4,1,152,3.0
1713.mp4,54,0,160,3.0
1713.mp4,10,0,160,3.0
1713.mp4,90,0,160,3.0
1714.mp4,141,0,150,1.0
1714.mp4,38,0,150,1.0
1714.mp4,138,0,150,1.0
1715.mp4,91,1,152,4.0
1715.mp4,67,1,152,4.0
1715.mp4,47,1,152,4.0
1716.mp4,140,0,160,0.0
1716.mp4,22,0,160,0.0
1716.mp4,44,0,160,0.0
1717.mp4,120,1,150,1.0
1717.mp4,111,1,150,1.0
1717.mp4,21,1,150,1.0
1718.mp4,4,0,160,2.0
1718.mp4,66,0,160,2.0
1718.mp4,42,0,160,2.0
1719.mp4,29,0,150,2.0
1719.mp4,77,0,150,2.0
1719.mp4,107,0,150,2.0
1720.mp4,84,0,150,0.0
1720.mp4,16,0,150,0.0
1720.mp4,41,0,150,0.0
1721.mp4,32,0,160,1.0
1721.mp4,146,0,160,1.0
1721.mp4,4,0,160,1.0
1725.mp4,89,0,148,0.0
1725.mp4,97,0,148,0.0
1725.mp4,37,0,148,0.0
1727.mp4,53,0,150,4.0
1727.mp4,137,0,150,4.0
1727.mp4,90,0,150,4.0
1728.mp4,132,1,150,3.0
1728.mp4,109,1,150,3.0
1728.mp4,131,1,150,3.0
1729.mp4,46,1,151,0.0
1729.mp4,20,1,151,0.0
1729.mp4,31,1,151,0.0
1731.mp4,65,0,150,0.0
1731.mp4,6,0,150,0.0
1731.mp4,54,0,150,0.0
1733.mp4,67,0,148,3.0
1733.mp4,146,0,148,3.0
1733.mp4,60,0,148,3.0
1734.mp4,144,1,152,0.0
1734.mp4,93,1,152,0.0
1734.mp4,54,1,152,0.0
1735.mp4,103,0,160,0.0
1735.mp4,18,0,160,0.0
1735.mp4,96,0,160,0.0
1736.mp4,46,0,150,4.0
1736.mp4,97,0,150,4.0
1736.mp4,105,0,150,4.0
1738.mp4,154,1,162,2.0
1738.mp4,84,1,162,2.0
1738.mp4,119,1,162,2.0
1740.mp4,74,0,150,1.0
1740.mp4,14,0,150,1.0
1740.mp4,123,0,150,1.0
1742.mp4,21,0,126,1.0
1742.mp4,88,0,126,1.0
1742.mp4,61,0,126,1.0
1743.mp4,134,1,152,2.0
1743.mp4,121,1,152,2.0
1743.mp4,38,1,152,2.0
1746.mp4,29,0,160,3.0
1746.mp4,103,0,160,3.0
1746.mp4,12,0,160,3.0
1749.mp4,86,1,152,2.0
1749.mp4,105,1,152,2.0
1749.mp4,37,1,152,2.0
1750.mp4,79,1,160,0.0
1750.mp4,37,1,160,0.0
1750.mp4,102,1,160,0.0
1751.mp4,43,1,150,1.0
1751.mp4,74,1,150,1.0
1751.mp4,18,1,150,1.0
1754.mp4,108,1,145,2.0
1754.mp4,46,1,145,2.0
1754.mp4,26,1,145,2.0
1756.mp4,136,0,151,0.0
1756.mp4,89,0,151,0.0
1756.mp4,11,0,151,0.0
1758.mp4,125,1,152,2.0
1758.mp4,118,1,152,2.0
1758.mp4,99,1,152,2.0
1760.mp4,129,0,160,4.0
1760.mp4,152,0,160,4.0
1760.mp4,71,0,160,4.0
1761.mp4,106,1,152,3.0
1761.mp4,120,1,152,3.0
1761.mp4,146,1,152,3.0
1762.mp4,49,0,150,1.0
1762.mp4,53,0,150,1.0
1762.mp4,118,0,150,1.0
1763.mp4,151,1,152,1.0
1763.mp4,82,1,152,1.0
1763.mp4,128,1,152,1.0
1766.mp4,63,0,150,1.0
1766.mp4,65,0,150,1.0
1766.mp4,5,0,150,1.0
1767.mp4,19,1,160,1.0
1767.mp4,30,1,160,1.0
1767.mp4,4,1,160,1.0
1768.mp4,42,0,150,3.0
1768.mp4,119,0,150,3.0
1768.mp4,68,0,150,3.0
1770.mp4,151,1,152,2.0
1770.mp4,83,1,152,2.0
1770.mp4,42,1,152,2.0
1772.mp4,35,1,145,2.0
1772.mp4,15,1,145,2.0
1772.mp4,0,1,145,2.0
1774.mp4,130,1,162,1.0
1774.mp4,155,1,162,1.0
1774.mp4,60,1,162,1.0
1775.mp4,16,1,152,2.0
1775.mp4,136,1,152,2.0
1775.mp4,97,1,152,2.0
1777.mp4,43,1,152,0.0
1777.mp4,75,1,152,0.0
1777.mp4,119,1,152,0.0
1778.mp4,44,0,150,2.0
1778.mp4,13,0,150,2.0
1778.mp4,105,0,150,2.0
1779.mp4,9,1,22,4.0
1779.mp4,7,1,22,4.0
1779.mp4,10,1,22,4.0
1783.mp4,85,1,152,1.0
1783.mp4,6,1,152,1.0
1783.mp4,115,1,152,1.0
1785.mp4,28,1,130,3.0
1785.mp4,48,1,130,3.0
1785.mp4,128,1,130,3.0
1786.mp4,104,1,152,4.0
1786.mp4,71,1,152,4.0
1786.mp4,149,1,152,4.0
1787.mp4,100,0,150,1.0
1787.mp4,61,0,150,1.0
1787.mp4,106,0,150,1.0
1788.mp4,3,1,152,2.0
1788.mp4,10,1,152,2.0
1788.mp4,47,1,152,2.0
1789.mp4,159,1,160,0.0
1789.mp4,61,1,160,0.0
1789.mp4,111,1,160,0.0
1794.mp4,126,1,152,4.0
1794.mp4,62,1,152,4.0
1794.mp4,31,1,152,4.0
1797.mp4,77,1,150,0.0
1797.mp4,53,1,150,0.0
1797.mp4,62,1,150,0.0
1803.mp4,37,0,151,3.0
1803.mp4,68,0,151,3.0
1803.mp4,23,0,151,3.0
1804.mp4,27,0,150,1.0
1804.mp4,11,0,150,1.0
1804.mp4,124,0,150,1.0
1805.mp4,116,0,160,1.0
1805.mp4,38,0,160,1.0
1805.mp4,115,0,160,1.0
1808.mp4,0,0,150,4.0
1808.mp4,98,0,150,4.0
1808.mp4,10,0,150,4.0
1809.mp4,78,1,161,3.0
1809.mp4,147,1,161,3.0
1809.mp4,28,1,161,3.0
1810.mp4,56,0,151,4.0
1810.mp4,66,0,151,4.0
1810.mp4,34,0,151,4.0
1812.mp4,147,0,160,3.0
1812.mp4,42,0,160,3.0
1812.mp4,75,0,160,3.0
1813.mp4,9,1,150,1.0
1813.mp4,10,1,150,1.0
1813.mp4,60,1,150,1.0
1814.mp4,121,1,150,3.0
1814.mp4,15,1,150,3.0
1814.mp4,24,1,150,3.0
1815.mp4,100,0,150,1.0
1815.mp4,53,0,150,1.0
1815.mp4,118,0,150,1.0
1817.mp4,51,1,145,3.0
1817.mp4,79,1,145,3.0
1817.mp4,43,1,145,3.0
1820.mp4,61,1,295,2.0
1820.mp4,111,1,295,2.0
1820.mp4,16,1,295,2.0
1822.mp4,33,1,152,3.0
1822.mp4,146,1,152,3.0
1822.mp4,93,1,152,3.0
1823.mp4,139,0,150,0.0
1823.mp4,62,0,150,0.0
1823.mp4,51,0,150,0.0
1824.mp4,84,1,152,3.0
1824.mp4,9,1,152,3.0
1824.mp4,57,1,152,3.0
1825.mp4,116,0,160,3.0
1825.mp4,87,0,160,3.0
1825.mp4,80,0,160,3.0
1826.mp4,145,1,160,4.0
1826.mp4,135,1,160,4.0
1826.mp4,23,1,160,4.0
1827.mp4,108,1,152,3.0
1827.mp4,51,1,152,3.0
1827.mp4,18,1,152,3.0
1828.mp4,85,1,152,0.0
1828.mp4,147,1,152,0.0
1828.mp4,78,1,152,0.0
1831.mp4,75,1,150,1.0
1831.mp4,124,1,150,1.0
1831.mp4,137,1,150,1.0
1832.mp4,115,1,150,2.0
1832.mp4,147,1,150,2.0
1832.mp4,56,1,150,2.0
1833.mp4,128,1,150,2.0
1833.mp4,80,1,150,2.0
1833.mp4,8,1,150,2.0
1834.mp4,32,1,150,3.0
1834.mp4,86,1,150,3.0
1834.mp4,50,1,150,3.0
1838.mp4,19,1,22,4.0
1838.mp4,5,1,22,4.0
1838.mp4,12,1,22,4.0
1841.mp4,61,0,148,2.0
1841.mp4,126,0,148,2.0
1841.mp4,139,0,148,2.0
1842.mp4,59,1,120,4.0
1842.mp4,107,1,120,4.0
1842.mp4,83,1,120,4.0
1844.mp4,28,1,150,3.0
1844.mp4,72,1,150,3.0
1844.mp4,114,1,150,3.0
1849.mp4,110,1,145,3.0
1849.mp4,18,1,145,3.0
1849.mp4,104,1,145,3.0
1851.mp4,26,0,160,4.0
1851.mp4,152,0,160,4.0
1851.mp4,148,0,160,4.0
1856.mp4,48,1,162,0.0
1856.mp4,159,1,162,0.0
1856.mp4,13,1,162,0.0
1857.mp4,87,1,152,4.0
1857.mp4,93,1,152,4.0
1857.mp4,105,1,152,4.0
1858.mp4,145,0,160,2.0
1858.mp4,154,0,160,2.0
1858.mp4,138,0,160,2.0
1859.mp4,125,0,150,3.0
1859.mp4,90,0,150,3.0
1859.mp4,71,0,150,3.0
1860.mp4,94,0,148,4.0
1860.mp4,18,0,148,4.0
1860.mp4,89,0,148,4.0
1862.mp4,63,0,150,1.0
1862.mp4,17,0,150,1.0
1862.mp4,26,0,150,1.0
1863.mp4,60,1,152,1.0
1863.mp4,87,1,152,1.0
1863.mp4,89,1,152,1.0
1865.mp4,0,1,152,3.0
1865.mp4,140,1,152,3.0
1865.mp4,74,1,152,3.0
1866.mp4,102,1,162,3.0
1866.mp4,84,1,162,3.0
1866.mp4,71,1,162,3.0
1868.mp4,17,0,160,3.0
1868.mp4,80,0,160,3.0
1868.mp4,43,0,160,3.0
1869.mp4,8,0,126,3.0
1869.mp4,54,0,126,3.0
1869.mp4,90,0,126,3.0
1870.mp4,56,1,152,2.0
1870.mp4,130,1,152,2.0
1870.mp4,44,1,152,2.0
1871.mp4,1,0,160,2.0
1871.mp4,77,0,160,2.0
1871.mp4,54,0,160,2.0
1872.mp4,55,0,160,2.0
1872.mp4,138,0,160,2.0
1872.mp4,19,0,160,2.0
1873.mp4,42,0,160,4.0
1873.mp4,156,0,160,4.0
1873.mp4,33,0,160,4.0
1874.mp4,2,1,152,4.0
1874.mp4,149,1,152,4.0
1874.mp4,11,1,152,4.0
1876.mp4,140,1,150,2.0
1876.mp4,90,1,150,2.0
1876.mp4,68,1,150,2.0
1877.mp4,94,1,152,4.0
1877.mp4,142,1,152,4.0
1877.mp4,41,1,152,4.0
1879.mp4,83,1,152,2.0
1879.mp4,88,1,152,2.0
1879.mp4,137,1,152,2.0
1880.mp4,28,1,152,0.0
1880.mp4,44,1,152,0.0
1880.mp4,13,1,152,0.0
1881.mp4,37,0,160,0.0
1881.mp4,50,0,160,0.0
1881.mp4,25,0,160,0.0
1882.mp4,106,0,150,4.0
1882.mp4,145,0,150,4.0
1882.mp4,85,0,150,4.0
1884.mp4,136,0,150,0.0
1884.mp4,58,0,150,0.0
1884.mp4,116,0,150,0.0
1886.mp4,78,0,150,3.0
1886.mp4,140,0,150,3.0
1886.mp4,97,0,150,3.0
